marca,modelo,a√±o,llanta,ancho
alfa romeo,giulietta,2010-2015,205-60-R15-185-65-R15/205-55-R16/205-45-R17-215-40-R17/225-40-R18,"7-5,5/7/7-7,5/8"
alfa romeo,159,2005-2011,185-65-R15-205-60-R15/205-55-R16-215-55-R16/215-40-R17/225-40-R18,"6-7/7-7,5/7,5/8"
alfa romeo,mito,2008-2012,185-65-R15-205-60-R15/205-55-R16/205-45-R17-215-40-R17-/225-40-R18,"6-7/7/7-7,5/8"
audi,a3,1996-2016,185-65-R15-205-60-R15/205-55-R16-215-55-R16/225-40-R18,"6-7/7-7,5/8"
audi,a4,2001-2010,215-55-R16/225-50-R17-225-55-R17/225-40-R18-225-45-R18,"7,5/8-8/8"
audi,a4 2.0,2010-2016,215-55-R16/225-50-R17-225-55-R17/225-40-R18-225-45-R18,"7,5/8-8/8-8"
audi,a4 3.0,2010-2016,215-55-R16/225-50-R17-225-55-R17/225-40-R18-225-45-R18,"7,5/8-8/8-8"
audi,a5,2007-2016,215-55-R16/225-50-R17-225-55-R17/225-40-R18-225-45-R18,"7,5/8-8/8-8"
audi,a6,1995-2016,225-55-R17-225-50-R17-225-60-R17,8-8-8
audi,a7,2011-2015,225-50-R17-225-55-R17,8-8
audi,a8,1994-2016,215-70-R16/225-60-R17-235-60-R17/235-55-R18,"7,5/8-9/8,5"
audi,q3,2011-2016,215-70-R16/225-55-R17-225-60-R17-235-60-R17,"7,5/8-8-9"
audi,q5,2007-2016,255-70-R16-275-60-R16/235-60-R17-235-65-R17-275-55-R17/235-55-R18/275-45-R20,"9-10/8,5-8,5-10/8,5/10"
audi,s4,2000-2016,215-55-R16/225-45-R18,"7,5/8"
audi,s5,2005-20012,215-55-R16/225-50-R17/225-45-R18,"7,5/8/8"
audi,s6,1994-2015,215-55-R16/225-55-R17-225-50-R17/225-45-R18,"7,5/8-8/8"
audi,a1,2010-2016,195-60-R15-205-50-R15/205-45-R16/205-40-R17-205-45-R17-215-40-R17,"6-7/7/7-7-7,5"
audi,s3,1998-2016,185-65-R15-205-60-R15/205-55-R16-215-55-R16/225-40-R18,"6-7/7-7,5/8"
audi,q7,2005-2016,215-70-R16/225-55-R17-225-60-R17,"7,5/8-8"
bmw,118i,2004-2016,185-65-R15-205-60-R15/205-55-R16-215-55-R16/225-50-R17/225-40-R18,"6-7/7-7,5/8/8"
bmw,120i,2004-2016,185-65-R15-205-60-R15/205-55-R16-215-55-R16/225-40-R18,"6-7/7-7,5/8"
bmw,125i,2004-2016,185-65-R15-205-60-R15/205-55-R16-215-55-R16/225-50-R17/225-40-R18-225-45-R18,"6-7/7-7,5/8/8-8"
bmw,130i,2004-2016,205-50-R15/195-45-R16-205-45-R16/205-40-R17-215-40-R17/225-45-R18,"7/6,5-7/7-7,5/8"
bmw,320i,2004-2016,185-65-R15-205-60-R15/205-55-R16-215-55-R16/225-40-R18-225-45-R18,"6-7/7-7,5/8-8"
bmw,325i,1977-2016,185-65-R15-195-60-R15-205-60-R15/205-55-R16-215-55-R16/205-45-R17-215-40-R17/225-40-R18-225-45-R18,"6-6,5-7/7-7,5/7-7,5/8-8"
bmw,328i,1977-2016,215-55-R16/225-55-R17-225-50-R17/225-40-R18,"7,5/8-8/8"
bmw,330i,1977-2016,185-65-R15-205-60-R15/205-55-R16-215-55-R16/225-40-R18,"6-7/7-7,5/8"
bmw,335i,1977-2016,185-65-R15-205-60-R15/205-55-R16-215-55-R16/225-40-R18,"6-7/7-7,5/8"
bmw,428i,2013-2016,225-50-R17-225-55-R17/225-40-R18-225-45-R18,8-8/8-8
bmw,525i,2013-2016,205-55-R16-215-55-R16/225-50-R17/225-40-R18-225-45-R18,"7-7,5/8/8-8"
bmw,528i,2013-2016,205-55-R16-215-55-R16/225-55-R17-225-50-R17-225-50-R17/225-40-R18-225-45-R18,"7-7,5/8-8-8/8-8"
bmw,530i,2013-2016,185-65-R15-205-60-R15/205-55-R16-215-55-R16/205-45-R17-225-50-R17/225-40-R18-225-45-R18,"6-7/7-7,5/7,5-8,5/8-8"
bmw,540i,2013-2016,205-55-R16-215-55-R16/225-50-R17/225-40-R18-225-45-R18,"7-7,5/7/8-8"
bmw,545i,2013-2016,205-55-R16-215-55-R16/225-50-R17/225-40-R18-225-45-R18,"7-7,5/7/8-8"
bmw,550i,2013-2016,205-55-R16-215-55-R16/225-50-R17/225-40-R18-225-45-R18,"7-7,5/7/8-8"
bmw,645i,2009-2016,215-70-R16/225-60-R17-225-50-R17-225-55-R17-235-60-R17/235-55-R18-225-45-R18,"7,5/8-8-8-8,5/8,5-8"
bmw,740i,2015-2016,255-70-R16-275-60-R16-265-70-R16/235-65-R17-265-65-R17/265-60-R18-225-45-R18/275-45-R20,"9-10-10/8,5-10/9,5-8/10"
bmw,745li,2015-2016,215-70-R16/225-60-R17-235-60-R17/225-45-R18-235-55-R18,"7,5/8-8,5/8-8,5"
bmw,750i,2015-2016,215-70-R16/225-60-R17-235-60-R17/225-45-R18-235-55-R18,"7,5/8-8,5/8-8,5"
bmw,760li,2015-2016,215-70-R16/225-60-R17-235-60-R17/225-45-R18-235-55-R18,"7,5/8-8,5/8-8,5"
bmw,active hibrid 3,2012-2015,215-55-R16/225-50-R17-225-55-R17/225-40-R18-225-45-R18,"7,5/8-8/8-8"
bmw,i3,2012-2015,215-70-R16/225-55-R17-225-60-R17-235-60-R17/235-55-R18,"7,5/8-8-8,5/8,5"
bmw,i8,2013-2015,215-70-R16/225-55-R17-225-60-R17-235-60-R17/235-55-R18,"7,5/8-8-8,5/8,5"
bmw,m3,2008-2016,215-55-R16/225-50-R17-225-55-R17/225-45-R18,"7,5/8-8/8"
bmw,m4,2008-2016,215-55-R16/225-50-R17-225-55-R17/225-45-R18,"7,5/8-8/8"
bmw,m6,2008-2016,215-70-R16/225-60-R17-225-55-R17/225-45-R18,"7,5/8-8/8"
bmw,x1,2001-2016,225-60-R17-225-50-R17,8-8
bmw,x3,2001-2016,215-70-R16/225-60-R17-225-55-R17-235-60-R17/235-55-R18,"7,5/8-8-8,5/8,5"
bmw,x4,2001-2016,215-70-R16/225-60-R17-225-55-R17-235-60-R17/235-55-R18,"7,5/8-8-8,5/8,5"
bmw,x5,2001-2016,255-70-R16-275-60-R16/235-60-R17-235-65-R17-275-55-R17/235-55-R18,"9-10/8,5-8,5-10/8,5"
bmw,x6,2001-2016,255-70-R16-275-60-R16/235-60-R17-235-65-R17-275-55-R17/235-55-R18,"9-10/8,5-8,5-10/8,5"
bmw,z4,2003-2016,185-65-R15-205-60-R15/205-55-R16-215-55-R16/225-40-R18,"6-7/7-7,5/8"
brilliance,h220,2012-2016,185-65-R15-195-55-R15-195-60-R15-205-50-R15/205-45-R16/205-40-R17-205-45-R17-215-40-R17,"6-6,5-6,5-7/7/7-7,5"
brilliance,h530,2012-2016,185-65-R15-195-55-R15-195-60-R15-205-50-R15/205-45-R16/205-40-R17-205-45-R17-215-40-R17,"6-6,5-6,5-7/7/7-7,5"
brilliance,v5,2012-2016,225-55-R17-225-50-R17-225-60-R17,8-8-8
byd,qin,2006-2012,185-65-R15-205-60-R15/205-55-R16-215-55-R16/225-50-R17/225-40-R18-225-45-R18,"6-7/7-7,5/8/8-8"
byd,s6,2006-2012,235-75-R15/215-70-R16-275-60-R16/225-60-R17-235-60-R17-235-65-R17-275-55-R17/235-55-R18,"8/7,5-10/8-8,5-8,5-10/8,5"
byd,f0,2006-2012,175-60-R14,"5,5"
byd,f3,2006-2012,185-65-R15-195-60-R15-205-50-R15-205-60-R15/205-55-R16-205-45-R16/205-40-R17-205-45-R17-215-40-R17,"6-6,5-7-7/7-7/7-7-7,5"
byd,new f3,2006-2012,185-65-R15-195-60-R15-205-50-R15-205-60-R15/205-55-R16-205-45-R16/205-40-R17-205-45-R17-215-40-R17,"6-6,5-7-7/7-7/7-7-7,5"
cadillac,srx,2012-2015,185-65-R15-205-60-R15/205-55-R16-215-55-R16/225-50-R17/225-40-R18,"6-7/7-7,5/8/8"
chana,benni,2012-2015,175-60-R14,"5,5"
chana,star cargo,2012-2015,165-70-R13-205-60-R13/185-60-R14/195-50-R15,"5-6/6/6,5"
chana,star van,2012-2015,165-70-R13-205-60-R13/185-60-R14/195-50-R15,"5-6/6/6,5"
changan,cs 35 luxury,2014-2016,205-60-R15/205-55-R16-215-55-R16/225-50-R17/225-40-R18-225-45-R18,"7/7-7,5/8/8-8"
changan,cx 20,2014-2016,185-55-R15-205-50-R15/195-45-R16/205-40-R17-215-40-R17,"6-7/6,5/7-7,5"
changan,eulove,2014-2016,205-60-R15/215-55-R16-205-55-R16/225-50-R17/225-40-R18-225-45-R18,"7/7,5-10/8/8-8"
chery,grand tiggo,2011-2016,235-75-R15/215-70-R16-275-60-R16/225-60-R17-235-65-R17-235-60-R17-275-55-R17/235-55-R18,"8/7,5-10/8-8,5-8,5-10/8,5"
chery,tiggo,2011-2016,215-70-R16/225-55-R17-225-60-R17-235-60-R17,"7,5/8-8-8,5"
chery,tiggo 2.0,2011-2016,215-70-R16/225-55-R17-225-60-R17,"7,5/8-8"
chery,xcross,2011-2016,185-65-R15-195-60-R15-205-50-R15-205-60-R15/205-55-R16-205-45-R16-215-55-R16/205-45-R17-215-40-R17/225-40-R18,"6-6,5-7-7/7-7-7,5/7-7,5/8"
chery,fulwin,2011-2016,185-65-R15-195-60-R15-195-55-R15-205-50-R15/205-45-R16/205-40-R17-205-45-R17-215-40-R17,"6-6,5-6,5-7/7/7-7-7,5"
chery,qq,2011-2016,175-60-R14,"5,5"
chery,qq 311,2011-2016,155-65-R13-165-65-R13-175-60-R13,"5-5-5,5"
chery,vanpass,2011-2016,175-70-R14-175-65-R14-185-65-R14/185-55-R15-205-50-R15/195-45-R16/205-40-R17-215-40-R17,"5,5-5,5-6/6-7/6,5/7-7,5"
chery,van cargo,2011-2016,175-70-R14-175-65-R14-185-65-R14/185-55-R15-205-50-R15/195-45-R16/205-40-R17-215-40-R17,"5,5-5,5-6/6-7/6,5/7-7,5"
chery,y380 cargo,2011-2016,175-70-R14-185-65-R14-185-60-R14/205-50-R15/195-45-R16/205-40-R17-215-40-R17,"5,5-6-6/7/6,5/7-7,5"
chery,yoya,2011-2016,175-70-R14-185-65-R14-185-60-R14/205-50-R15/195-45-R16/205-40-R17-215-40-R17,"5,5-6-6/7/6,5/7-7,5"
chevrolet,dmax,2007-2016,215-70-R16-255-70-R16-265-70-R16/225-60-R17-225-55-R17-235-60-R17-265-65-R17/235-55-R18-265-60-R18-285-60-R18/275-45-R20,"7,5-9-10/8-8-8,5-10/8,5-10-10,5/10"
chevrolet,luv,1990-2005,215-55-R16/225-55-R17-225-50-R17,"7,5/8-8"
chevrolet,rodeo,1991-2003,185-65-R15-205-60-R15/205-55-R16-215-55-R16/225-50-R17/225-40-R18-225-45-R18,"6-7/7-7,5/8/8-8"
chevrolet,tahoe,1995-2016,265-70-R16/265-65-R17/275-65-R18-265-60-R18-285-60-R18/275-55-R20,"10/10/10-10-10,5/10"
chevrolet,trooper,1996-2002,255-70-R16-265-70-R16/265-65-R17/265-60-R18-285-60-R18/275-45-R20,"9-10/10/10-10,5/10"
chevrolet,blazer,1983-1998,235-75-R15/215-70-R16/225-60-R17-235-60-R17-275-55-R17/235-55-R18,"8/7,5/8-8,5-10/8,5"
chevrolet,camaro ss,2012-2016,215-70-R16-275-60-R16/235-60-R17-235-65-R17-275-55-R17/235-55-R18,"7,5-10/8,5-8,5-10/8,5"
chevrolet,camaro zl1,2012-2016,235-75-R15/215-70-R16/225-60-R17-235-60-R17/235-55-R18,"8/7,5/8-8,5/8,5"
chevrolet,camaro zl2,2013-2016,235-75-R15/215-70-R16-275-60-R16/225-60-R17-235-60-R17-235-65-R17-275-55-R17/235-55-R18,"8/7,5-10/8-8,5-8,5-10/8,5"
chevrolet,epica,2006-2012,205-60-R15/205-55-R16-215-55-R16/225-50-R17/225-40-R18-225-45-R18,"7/7-7,5/8/8-8"
chevrolet,n300 cargo,2010-2016,175-70-R14-185-65-R14/185-65-R15-185-55-R15-195-60-R15-195-55-R15-205-50-R15/195-45-R16-205-45-R16/205-45-R17-205-40-R17-215-40-R17,"5,5-6/6-6-6,5-6,5-7/6,5-7/7-7-7,5"
chevrolet,n300 pasajeros,2010-2016,175-70-R14-185-65-R14/185-65-R15-185-55-R15-195-60-R15-195-55-R15-205-50-R15/195-45-R16-205-45-R16/205-45-R17-205-40-R17-215-40-R17,"5,5-6/6-6-6,5-6,5-7/6,5-7/7-7-7,5"
chevrolet,optra,2004-2007,195-55-R15-195-60-R15-205-50-R15/195-45-R16-205-45-R16/205-40-R17-205-45-R17-215-40-R17,"6-6,5-7/6,5-7/7-7-7,5"
chevrolet,sail,2012-2016,185-65-R14-185-60-R14/185-55-R15-205-50-R15/195-45-R16/205-40-R17-215-40-R17,"6-6/6-7/6,5/7-7,5"
chevrolet,spark,2005-2012,225-50-R17-225-55-R17,8-8
chevrolet,sprint,1995-2005,165-70-R13/185-60-R14/195-50-R15,"5/6/6,5"
chevrolet,swift,1995-2006,205-60-R13/185-60-R14/195-50-R15,"6,5/6/6,5"
chevrolet,vivant,1998-2010,185-65-R15-195-60-R15-205-60-R15-205-50-R15/205-55-R16-205-45-R16/205-40-R17-205-45-R17-215-40-R17,"6-6-6,5-6,5/7-7/7-7-7,5"
chevrolet,hhr,2006-2010,205-60-R15/215-55-R16-205-55-R16/225-50-R17/225-40-R18-225-45-R18,"7/7,5-7/8/8-8"
chevrolet,chevy,2007-2009,205-60-R13/185-60-R14/195-50-R15,"6,5/6/6,5"
chevrolet,chevy taxi,2010-2016,205-60-R13/185-60-R14/195-50-R15,"6,5/6/6,5"
chevrolet,wagon,1998-2002,165-65-R13-165-70-R13,5-5
chevrolet,alto,1988-2016,165-65-R13-155-65-R13-175-60-R13,"5-5-5,5"
chevrolet,astra,1990-2008,165-70-R13/175-70-R14-185-65-R14-185-60-R14/195-50-R15-205-50-R15/195-45-R16/205-40-R17-215-40-R17,"5/5,5-6-6/6,5-7/6,5/7-7,5"
chevrolet,aveo,2003-2012,185-55-R15-205-50-R15/195-45-R16/205-40-R17-215-40-R17,"6-7/6,5/7-7,5"
chevrolet,cobalt,2004-2016,185-65-R15/205-55-R16-215-55-R16/225-50-R17/225-40-R18,6/7-8/8/8
chevrolet,corsa,2000-2016,185-65-R14-185-60-R14/205-50-R15/195-45-R16/205-40-R17,"5,5-6/7/6,5/7"
chevrolet,spark gt,2013-2016,205-60-R13/185-60-R14/195-50-R15,"6,5/6/6"
chevrolet,spark life,2013-2016,225-55-R17-225-50-R17,8-8
chevrolet,astra,2009-2016,185-65-R15-195-60-R15-195-55-R15-205-60-R15-205-50-R15/205-45-R16/205-40-R17-205-45-R17-215-40-R17,"6-6,5-6,5-7-7/7/7-7-7,5"
chevrolet,aveo,2013-2016,185-65-R15-205-60-R15/205-55-R16-215-55-R16/205-45-R17-225-50-R17/225-40-R18,"6-7/7-7,5/7-8/8"
chevrolet,cruze,2013-2016,235-75-R15/255-70-R16-275-60-R16/235-65-R17-275-55-R17/225-45-R18/275-45-R20,"8/9-10/8,5-10/8/10"
chevrolet,sonic,2011-2016,235-75-R15/215-70-R16-275-60-R16/225-60-R17-235-60-R17-235-65-R17-275-55-R17/235-55-R18,"8/7,5-10/8-8,5-8,5-10/8,5"
chevrolet,captiva sport,2006-2015,175-70-R14-185-65-R14/185-65-R15-185-55-R15-195-60-R15-195-55-R15-205-50-R15/195-45-R16-205-45-R16/205-40-R17-205-45-R17-215-40-R17,"5,5-6/6-6-6,5-6,5-7/6,5-7/7-7-7,5"
chevrolet,zafira,2003-2009,195-60-R15-205-60-R15/205-55-R16-215-55-R16/205-45-R17/225-40-R18,"6,5-7/7-7,5/7/8"
chevrolet,gran vitara,1998-2004,255-70-R16-265-70-R16/265-65-R17/265-60-R18-285-60-R18,"9-10/10/10-10,5"
chevrolet,samurai,1987-2012,215-70-R16/225-55-R17-225-60-R17,"7,5/8-8"
chevrolet,tracker,1998-2016,255-70-R16-275-60-R16/235-65-R17-265-65-R17-275-55-R17/265-60-R18/275-45-R20,"9,5-10,5/8,5-10-10/10/10"
chevrolet,vitara,1999-2015,215-70-R16/225-55-R17-225-60-R17,"7,5/8-8"
chevrolet,trailbalzer,2001-2012,235-75-R15/255-70-R16-275-60-R16/235-65-R17-275-55-R17/265-60-R18/275-45-R20,"8,5/9,5-10/8,5-10/10/10"
chevrolet,traverse,2008-2015,255-70-R16-265-70-R16/265-65-R17/265-60-R18-275-65-R18-285-60-R18/275-55-R20,"9,5-10/10/10-10-10,5/10"
chrysler,pacifica,2004-2008,255-70-R16-275-60-R16/235-65-R17-235-60-R17-275-55-R17/235-55-R18/275-45-R20,"9,5-10/8,5-8,5-10/8,5/10"
chrysler,gran caravan,1991-2001,215-55-R16/225-55-R17-225-50-R17/225-40-R18,"7,5/8-8/8"
chrysler,town & country,2001-2007,235-75-R15/215-70-R16-275-60-R16/225-60-R17-235-60-R17-235-65-R17-275-55-R17/235-55-R18,"8,5/7,5-10/8-8,5-8,5-10/8,5"
chrysler,neon,1994-2005,255-70-R16-275-60-R16/235-60-R17-235-65-R17-275-55-R17/235-55-R18/275-45-R20,"9,5-10/8,5-8,5-10/8,5/10"
chrysler,pt cruiser,2000-2010,185-65-R15-205-60-R15/205-55-R16-215-55-R16/225-40-R18,"6-7/7-7,5/8"
citroen,berlingo,1996-2015,175-70-R14-185-60-R14-185-65-R14/205-50-R15/195-45-R16/205-40-R17-215-40-R17,"5,5-6-6/7/6,5/7-7,5"
citroen,c3,2002-2015,185-65-R15-195-55-R15-195-60-R15-205-50-R15/205-45-R16/205-40-R17-205-45-R17-215-40-R17,"6-6,5-6,5-7/7/7-7-7,5"
citroen,c-elysee,2010-2016,185-65-R15-195-60-R15-205-50-R15-205-60-R15/205-45-R16-205-55-R16-215-55-R16/205-45-R17-215-40-R17/225-40-R18,"6-6,5-7-7/7-7-7,5/7-7,5/8"
citroen,ds3,2010-2015,185-65-R15-205-60-R15/205-55-R16/205-45-R17-215-40-R17/225-40-R18,"6-7/7/7-7,5/8"
citroen,ds4,2011-2016,225-55-R17-225-50-R17,8-8
citroen,ds5,2011-2016,235-75-R15/215-70-R16-275-60-R16/225-60-R17-235-60-R17-235-65-R17-275-55-R17/235-55-R18,"8,5/7,5-10/8-8,5-8,5-10/8,5"
citroen,grand c4 picasso,2013-2016,185-65-R15/215-55-R16/225-50-R17/225-40-R18-225-45-R18,"6/7,5/8/8-8"
citroen,saxo,1996-2004,205-60-R13/185-60-R14/195-50-R15,"7/6/6,5"
citroen,c4-picasso,2013-2015,185-65-R15/215-55-R16/225-50-R17/225-40-R18-225-45-R18,"6/7,5/8/8-8"
citroen,jumper pasajeros,2010-2016,235-75-R15/255-70-R16-275-60-R16/235-65-R17-275-55-R17/275-45-R20,"8,5/9,5-10/8,5-10/10"
daewoo,leganza,2000-2003,185-65-R15-195-60-R15-205-60-R15/205-55-R16-215-55-R16/205-45-R17-215-40-R17/225-40-R18,"6-6,5-7/7-7,5/7-7,5/8"
daewoo,matiz,2000-2012,155-65-R13-165-65-R13-175-60-R13,"5-5-5,5"
daewoo,nubira,1997-2007,185-65-R14/185-55-R15-195-55-R15-195-60-R15-205-50-R15/195-45-R16-205-45-R16/205-40-R17-205-45-R17-215-40-R17,"6/6-6,5-6,5-7/6,5-7/7-7-7,5"
daewoo,tacuma,2000-2002,185-65-R14/185-55-R15-195-55-R15-195-60-R15-205-50-R15/195-45-R16-205-45-R16/205-40-R17-205-45-R17-215-40-R17,"6/6-6,5-6,5-7/6,5-7/7-7-7,5"
daewoo,cielo,1994-2002,205-60-R13/185-60-R14/195-50-R15,"7/6/6,5"
daewoo,lanos,2005-2009,205-60-R13/185-60-R14/195-50-R15,"7/6/6,5"
daewoo,racer,1994-1997,205-60-R13/185-60-R14/195-50-R15,"7/6/6,5"
daewoo,tico,1991-2001,175-60-R13-155-65-R13-155-70-R13,"5,5-5-5"
daihatsu,terios,1997-2005,225-55-R17-225-50-R17,8-8
daihatsu,terios okii,2006-2014,215-70-R16/225-55-R17-225-60-R17,"7,5/8-8"
daihatsu,sirion,1998-2008,185-65-R15-195-60-R15-195-55-R15-205-50-R15-205-60-R15/205-45-R16/205-40-R17-205-45-R17-215-40-R17,"6-6,5-6,5-7-7/7/7-7-7,5"
daihatsu,f20,1977-1984,235-75-R15/215-70-R16-275-60-R16/225-60-R17-235-60-R17-235-65-R17-275-55-R17/235-55-R18,"8,5/7,5-10/8-8,5-8,5-10/8,5"
daihatsu,rocky,1987-1992,215-70-R16-275-60-R16/235-60-R17-235-65-R17-275-55-R17/235-55-R18/275-45-R20,"7,5-10/8,5-8,5-10/8,5/10"
dfsk,van cargo,2007-2016,235-75-R15/215-70-R16-275-60-R16/225-60-R17-235-60-R17-235-65-R17-275-55-R17/235-55-R18,"8,5/7,5-10/8-8,5-8,5-10/8,5"
dfsk,van pasajeros,2007-2016,235-75-R15/215-70-R16-275-60-R16/225-60-R17-235-60-R17-235-65-R17-275-55-R17/235-55-R18,"8,5/7,5-10/8-8,5-8,5-10/8,5"
dodge,journey,2009-2016,235-75-R15/215-70-R16-275-60-R16/225-60-R17-235-60-R17-235-65-R17-275-55-R17/235-55-R18,"8,5/7,5-10/8-8,5-8,5-10/8,5"
dodge,chalenger srt8,2008-2016,215-70-R16-275-60-R16/235-60-R17-235-65-R17-275-55-R17/235-55-R18,"7,5-10/8,5-8,5-10/8,5"
dodge,durango,2004-2016,255-70-R16-265-70-R16/265-65-R17/265-60-R18-285-60-R18/275-45-R20,"9,5-10/10/10-10,5/10"
dodge,ram 1500,2002-2012,265-70-R16/265-65-R17/265-60-R18-275-65-R18-285-60-R18/275-55-R20,"10/10/10-10-10,5/10"
dodge,ram 2500,2008-2015,265-70-R16/265-65-R17/265-60-R18-275-65-R18-285-60-R18/275-55-R20,"10/10/10-10-10,5/10"
fiat,500,2002-2016,185-55-R15-205-50-R15/195-45-R16/205-40-R17-215-40-R17,"6-7/6,5/7-7,5"
fiat,fiorino carga,1996-2011,175-70-R14-185-65-R14/185-65-R15-185-55-R15-195-60-R15-195-55-R15-205-50-R15/195-45-R16-205-45-R16/205-45-R17-205-40-R17-215-40-R17,"5,5-6/6-6-6,5-6,5-7/6,5-7/7-7-7,5"
fiat,idea adventure,2006-2016,205-55-R16-215-55-R16/225-50-R17/225-40-R18-225-45-R18,"7-7,5/8/8-8"
fiat,palio,1990-2009,205-60-R13/185-60-R14/195-50-R15,"7/6/6,5"
fiat,palio adventure,2010-2016,205-55-R16-215-55-R16/225-50-R17/225-40-R18-225-45-R18,"7-7,5/8/8-8"
fiat,palio atractive,2010-2016,205-55-R16-215-55-R16/225-50-R17/225-40-R18,"7-7,5/8/8"
fiat,palio taxi,2010-2016,185-65-R14/185-55-R15-195-60-R15-195-55-R15-205-50-R15/195-45-R16-205-45-R16/205-40-R17-205-45-R17-215-40-R17,"6/6-6,5-6,5-7/6,5-7/7-7-7,5"
fiat,siena taxi,1999-2012,175-70-R14-185-60-R14-185-65-R14/205-50-R15/195-45-R16/205-40-R17-215-40-R17,"5,5-6-6/7/6,5/7-7,5"
fiat,strada,2000-2012,175-70-R14-185-65-R14/185-55-R15-185-65-R15-195-60-R15-195-55-R15-205-50-R15/195-45-R16-205-45-R16/205-40-R17-205-45-R17-215-40-R17,"5,5-6/6-6-6,5-7/6,5-7/7-7-7,5"
fiat,uno atractive,2010-2016,175-70-R14-185-60-R14-185-65-R14/205-50-R15/195-45-R16/205-40-R17-215-40-R17,"5,5-6-6/7/6,5/7-7,5"
fiat,uno taxi,2010-2016,165-70-R13/185-60-R14/195-50-R15,"5/6/6,5"
fiat,uno way,2010-2016,175-70-R14-185-65-R14/185-55-R15-185-65-R15-195-60-R15-195-55-R15-205-50-R15/195-45-R16-205-45-R16/205-40-R17-205-45-R17-215-40-R17,"5,5-6/6-6-6,5-7/6,5-7/7-7-7,5"
ford,ranger,2005-2016,255-70-R16-265-70-R16-275-60-R16/235-65-R17-265-65-R17/265-60-R18/275-45-R20,"9,5-10-10/8,5-10/10/10"
ford,ecosport,2004-2016,205-55-R16-215-55-R16/225-50-R17/225-40-R18-225-45-R18,"7-7,5/8/8-8"
ford,fiesta,1990-2016,185-65-R15-195-55-R15-195-60-R15-205-50-R15/205-45-R16/205-40-R17-205-45-R17-215-40-R17,"6-6,5-6,5-7/7/7-7-7,5"
ford,focus,1998-2016,185-65-R15-195-60-R15-205-60-R15-205-50-R15/205-45-R16-205-55-R16-215-55-R16/205-45-R17-205-40-R17-215-40-R17-225-50-R17/225-45-R18,"6-6,5-7-7/7-7-7,5/7-7-7,5/8"
ford,fusion,2002-2004,225-55-R17-225-50-R17,8-8
ford,bronco 2,1983-1990,215-70-R16/225-55-R17-225-60-R17,"7,5/8-8"
ford,edge,2006-2016,255-70-R16-265-70-R16-275-60-R16/235-65-R17-265-60-R18-265-65-R17-275-55-R17/275-45-R20,"9,510-10/8,5-10-10-10/10"
ford,escape,2000-2016,215-70-R16/225-55-R17-225-60-R17-235-60-R17,"7,5/8-8-8,5"
ford,explorer,1990-2009,235-75-R15/255-70-R16-275-60-R16/235-65-R17-265-65-R17-275-55-R17/265-60-R18/275-45-R20,"8,5/9,5-10/8,5-10-10/10/10"
ford,explorer limited,2012-2016,255-70-R16-265-70-R16-275-60-R16/235-65-R17-265-65-R17-275-55-R17/265-60-R18/275-45-R20,"9,5-10-10/8,5-10-10/10/10"
ford,fusion,2005-2011,225-50-R17-225-55-R17,8-8
ford,mustang,1964-2016,215-70-R16/225-55-R17-225-60-R17,"7,5/8-8"
ford,ranger,1994-2004,255-70-R16-265-70-R16-275-60-R16/235-65-R17-265-65-R17/265-60-R18-285-60-R18/275-45-R20,"9,5-10-10/8,5-10/10-10,5/10"
ford,sport trac,2002-2010,255-70-R16-265-70-R16-275-60-R16/235-65-R17-265-65-R17/265-60-R18/275-45-R20,"9,5-10-10/8,5-10/10/10"
ford,laser,1990-2007,185-65-R14/185-55-R15-195-60-R15-195-55-R15-205-50-R15/195-45-R16-205-45-R16/205-40-R17-205-45-R17-215-40-R17,"6/6-6,5-6,5-7/6,5-7/7-7-7,5"
ford,fusion,2012-2016,225-50-R17-225-55-R17,8-8
ford,expedition,1997-2002,175-70-R14-175-65-R14-185-65-R14/185-55-R15-205-50-R15/195-45-R16/205-40-R17-215-40-R17,"5,5-5,5-6/6-7/6,5/7-7,5"
ford,bronco,1975-1996,215-70-R16/225-55-R17-225-60-R17,"7,5/8-8"
ford,f-150,1987-2016,265-70-R16/265-65-R17/265-60-R18-275-65-R18-285-60-R18/275-55-R20,"10/10/10-10-10,5/10"
ford,expedition,2003-2016,175-65-R14-175-70-R14-185-65-R14/185-55-R15-205-50-R15/195-45-R16/205-40-R17-215-40-R17,"5,5-5,5-6/6-7/6,5/7-7,5"
geely,ec7,2010-2016,205-55-R16-215-55-R16/225-50-R17/225-40-R18-225-45-R18,"7-7,5/8/8-8"
geely,ck taxi,2010-2016,175-60-R14-185-60-R14/195-50-R15,"5,5-6/6,5"
geely,lc,2010-2016,175-60-R14,"5,5"
geely,mk taxi,2010-2016,185-65-R15-195-60-R15-195-55-R15-205-50-R15/205-45-R16/205-40-R17-205-45-R17-215-40-R17,"6-6,5-6,5-7/7/7-7-7,5"
gonow,cargo,2013-2015,175-70-R14-185-65-R14/185-55-R15-185-65-R15-195-55-R15-195-60-R15-205-50-R15/195-45-R16-205-45-R16/205-40-R17-205-45-R17-215-40-R17,"5,5-6/6-6-6,5-6,5-7/6,5-7/7-7-7,5"
gonow,pass,2013-2015,175-70-R14-185-65-R14/185-55-R15-185-65-R15-195-55-R15-195-60-R15-205-50-R15/195-45-R16-205-45-R16/205-40-R17-205-45-R17-215-40-R17,"5,5-6/6-6-6,5-6,5-7/6,5-7/7-7-7,5"
great wall,h3,2010-2012,255-70-R16-275-60-R16/235-60-R17-235-65-R17-275-55-R17/235-55-R18/275-45-R20,"9,5-10/8,5-8,5-10/8,5/10"
great wall,h5,2010-2012,255-70-R16-275-60-R16/235-60-R17-235-65-R17-275-55-R17/235-55-R18/275-45-R20,"9,5-10/8,5-8,5-10/8,5/10"
great wall,hover,2005-2016,255-70-R16-275-60-R16/235-60-R17-235-65-R17-275-55-R17/235-55-R18/275-45-R20,"9,5-10/8,5-8,5-10/8,5/10"
great wall,wingle 5,2008-2016,235-75-R15/275-60-R16/235-60-R17-235-65-R17-275-55-R17/235-55-R18/275-45-R20,"8,5/10/8,5-8,5-10/8,5/10"
hafei,luzun,2006-2016,175-70-R14-185-60-R14-185-65-R14/205-50-R15/195-45-R16/205-40-R17-215-40-R17,"5,5-6-6/7/6,5/7-7,5"
hafei,minyi,2006-2016,165-70-R13/185-60-R14/195-50-R15,"5/6/6,5"
hafei,ruiyi,2006-2016,165-70-R13/185-60-R14/195-50-R15,"5/6/6,5"
hafei,zhongyi,2006-2016,155-70-R13-165-70-R13/175-60-R14,"5-5/5,5"
haima,3,2011-2016,195-55-R15-195-60-R15-205-50-R15/195-45-R16-205-45-R16/205-40-R17-205-45-R17-215-40-R17,"6,5-6,5-7/6,5-7/7-7-7,5"
haima,7,2011-2016,235-75-R15/215-70-R16-275-60-R16/225-55-R17-225-60-R17-235-60-R17-235-65-R17-275-55-R17/235-55-R18/275-45-R20,"8,5/7,5-10/8-8-8,5-8,5-10/8,5/10"
haima,freema,2011-2016,195-55-R15-195-60-R15-205-50-R15/195-45-R16-205-45-R16/205-40-R17-205-45-R17-215-40-R17,"6,5-6,5-7/6,5-7/7-7-7,5"
haima,2,2011-2016,175-70-R14-185-60-R14-185-65-R14/185-55-R15-205-50-R15/195-45-R16/205-40-R17-215-40-R17,"5,5-6-6/6-7/6,5/7-7,5"
haima,1,2011-2016,165-65-R13-155-65-R13-175-60-R13-185-60-R13/195-45-R15,"5-5-5,5-6/6,5"
hyundai,accent,1994-1999,185-65-R14/185-55-R15-195-55-R15-195-60-R15-205-50-R15/195-45-R16-205-45-R16/205-40-R17-205-45-R17-215-40-R17,"6/6-6,5-6,5-7/6,5-7/7-7-7,5"
hyundai,accent,2000-2016,185-65-R14/185-55-R15-195-55-R15-195-60-R15-205-50-R15/195-45-R16-205-45-R16/205-40-R17-205-45-R17-215-40-R17,"6/6-6,5-6,5-7/6,5-7/7-7-7,5"
hyundai,atos,1997-2001,155-70-R13-165-70-R13-175-60-R13-185-60-R13/175-60-R14/195-45-R15,"5-5-5,5-6/5,5/6,5"
hyundai,atos,2001-2008,155-70-R13-165-70-R13-175-60-R13-185-60-R13/175-60-R14/195-45-R15,"5-5-5,5-6/5,5/6,5"
hyundai,azera,2013-2014,225-55-R17-225-50-R17-225-60-R17,8-8-8
hyundai,city taxi,2013-2016,175-60-R14,"5,5"
hyundai,elantra,2006-2016,185-65-R15-195-60-R15-205-50-R15-205-60-R15/205-45-R16/205-40-R17-205-45-R17-215-40-R17,"6-6,5-7-7/7/7-7-7,5"
hyundai,elantra,1990-2005,185-65-R15-195-60-R15-205-50-R15-205-60-R15/205-45-R16/205-40-R17-205-45-R17-215-40-R17,"6-6,5-7-7/7/7-7-7,5"
hyundai,eon,2015-2016,205-60-R13/185-60-R14/195-50-R15,"7/6/6,5"
hyundai,excel,1985-1998,205-60-R13/185-60-R14/195-50-R15,"7/6/6,5"
hyundai,genesis,2008-2015,215-55-R16/225-50-R17-225-55-R17,"7,5/8-8"
hyundai,getz,2002-2008,175-70-R14-185-60-R14-185-65-R14/205-50-R15/195-45-R16/205-40-R17-215-40-R17,"5,5-6-6/7/6,5/7-7,5"
hyundai,grand city taxi,2013-2016,205-60-R13/185-60-R14/195-50-R15,"7/6/6,5"
hyundai,grand pony taxi,2013-2016,175-70-R14-185-65-R14/185-55-R15-185-65-R15-195-55-R15-195-60-R15-205-50-R15/195-45-R16-205-45-R16/205-40-R17-205-45-R17-215-40-R17,"5,5-6/6-6-6,5-6,5-7/6,5-7/7-7-7,5"
hyundai,i10,2008-2015,175-60-R14,"5,5"
hyundai,i10 sedan,2014-2016,205-60-R13/185-60-R14/195-50-R15,"7/6/6,5"
hyundai,i25 sedan,2014-2016,175-70-R14-185-65-R14/185-55-R15-185-65-R15-195-55-R15-195-60-R15-205-50-R15/195-45-R16-205-45-R16/205-40-R17-205-45-R17-215-40-R17,"5,5-6/6-6-6,5-6,5-7/6,5-7/7-7-7,5"
hyundai,i30,2008-2016,185-65-R15-205-60-R15/205-55-R16-215-55-R16/205-45-R17/225-40-R18,"6-7/7-7,5/7/8"
hyundai,i35,2010-2016,185-65-R15-205-60-R15/205-55-R16-215-55-R16/205-45-R17/225-40-R18,"6-7/7-7,5/7/8"
hyundai,i40,2011-2016,205-55-R16-215-55-R16/225-50-R17/225-40-R18-225-45-R18,"7-7,5/8/8-8"
hyundai,santafe,2001-2016,255-70-R16-275-60-R16/235-65-R17-235-60-R17-275-55-R17/235-55-R18/275-45-R20,"9,5-10/8,5-8,5-10/8,5/10"
hyundai,sonata,2005-2016,255-70-R16-275-60-R16/235-65-R17-235-60-R17-275-55-R17/235-55-R18/275-45-R20,"9,5-10/8,5-8,5-10/8,5/10"
hyundai,sonata,1985-2004,255-70-R16-275-60-R16/235-65-R17-235-60-R17-275-55-R17/235-55-R18/275-45-R20,"9,5-10/8,5-8,5-10/8,5/10"
hyundai,super pony taxi,2013-2016,205-60-R13/185-60-R14/195-50-R15,"7/6/6,5"
hyundai,terracan,2001-2006,235-75-R15/255-70-R16-275-60-R16/235-60-R17-235-65-R17-275-55-R17/235-55-R18/275-45-R20,"8,5/9,5-10/8,5-8,5-10/8,5/10"
hyundai,tucson,2004-2010,215-70-R16/225-55-R17-225-60-R17,"7,5/8-8"
hyundai,tucson ix35,2011-2016,215-70-R16/225-55-R17-225-60-R17-235-60-R17/235-55-R18,"7,578-8,5/8,5"
hyundai,veloster,2011-2014,185-65-R15-205-60-R15/205-55-R16-215-55-R16/225-40-R18,"6-7/7-7,5/8"
hyundai,veracruz,2006-2012,255-70-R16-275-60-R16/235-65-R17-265-65-R17-275-55-R17/265-60-R18/275-45-R20,"9,5-10/8,5-10-10/10/10"
honda,accord,2003-2015,215-55-R16/225-50-R17-225-55-R17/225-40-R18-225-45-R18,"7,5/8-8/8-8"
honda,civic,2006-2012,185-65-R15-205-60-R15/205-55-R16-215-55-R16/205-45-R17/225-40-R18,"6-7/7-7,5/7/8"
honda,cr-v,2004-2007,235-75-R15/215-70-R16-275-60-R16/225-60-R17-235-60-R17-235-65-R17-275-55-R17/235-55-R18,"8,5/7,5-10/8-8,5-8,5-10/8,5"
honda,cr-v city,2012-2016,235-75-R15/215-70-R16-275-60-R16/225-60-R17-235-60-R17-235-65-R17-275-55-R17/235-55-R18,"8,5/7,5-10/8-8,5-8,5-10/8,5"
honda,cr-v ex,2012-2016,235-75-R15/215-70-R16-275-60-R16/225-60-R17-235-60-R17-235-65-R17-275-55-R17/235-55-R18,"8,5/7,5-10/8-8,5-8,5-10/8,5"
honda,cr-v lx,2012-2016,235-75-R15/215-70-R16-275-60-R16/225-60-R17-235-60-R17-235-65-R17-275-55-R17/235-55-R18,"8,5/7,5-10/8-8,5-8,5-10/8,5"
honda,odyssey,1996-2004,255-70-R16-275-60-R16/235-60-R17-235-65-R17-275-55-R17/235-55-R18/275-45-R20,"9,5-10/8,5-8,5-10/8,5/10"
honda,odyssey,2011,255-70-R16-275-60-R16/235-60-R17-235-65-R17-275-55-R17/235-55-R18/275-45-R20,"9,5-10/8,5-8,5-10/8,5/10"
honda,pilot,2002-2008,255-70-R16-275-60-R16/235-65-R17-265-65-R17-275-55-R17/265-60-R18/275-45-R20,"9,5-10/8,5-10-10/10/10"
honda,odyssey,2005-2010,255-70-R16-275-60-R16/235-60-R17-235-65-R17-275-55-R17/235-55-R18/275-45-R20,"9,5-10/8,5-8,5-10/8,5/10"
honda,odyssey,2012-2016,255-70-R16-275-60-R16/235-60-R17-235-65-R17-275-55-R17/235-55-R18/275-45-R20,"9,5-10/8,5-8,5-10/8,5/10"
honda,pilot,2009-2016,255-70-R16-275-60-R16/235-65-R17-265-65-R17-275-55-R17/265-60-R18/275-45-R20,"9,5-10/8,5-10-10/10/10"
honda,accord,1993-2003,215-55-R16/225-50-R17-225-55-R17/225-40-R18,"7,5/8-8/8"
honda,accord,1982-1990,215-55-R16/225-50-R17-225-55-R17/225-40-R18,"7,5/8-8/8"
honda,civic,1991-2005,185-65-R15-205-60-R15/205-55-R16-215-55-R16/205-45-R17/225-40-R18,"6-7/7-7,5/7/8"
honda,fit,2001-2016,185-65-R15-195-55-R15-195-60-R15-205-50-R15/205-45-R16/205-40-R17-205-45-R17-215-40-R17,"6-6,5-6,5-7/7/7-7,7,5"
hummer,h3,2005-2010,,
hummer,h2,2002-2010,265-70-R16/265-65-R17/275-65-R18-285-60-R18/275-55-R20,"10/10/10-10,5/10"
infiniti,fx 35,2003-2014,255-70-R16-265-70-R16/265-65-R17/265-60-R18-285-60-R18/275-45-R20,"9,5-10/10/10-10,5/10"
infiniti,fx 45,2003-2012,255-70-R16-265-70-R16/265-65-R17/265-60-R18-285-60-R18/275-45-R20,"9,5-10/10/10-10,5/10"
infiniti,jx 35,2013-2014,255-70-R16-275-60-R16/235-65-R17-265-65-R17-265-70-R16/265-60-R18/275-45-R20,"9,5-10/8,5-10-10/10/10"
jac,b cross,2014-2016,185-65-R15-205-60-R15/205-55-R16-215-55-R16/205-45-R17/225-40-R18,"6-7/7-7,5/7/8"
jac,j5,2010-2014,185-65-R15-205-60-R15/205-55-R16-215-55-R16/205-45-R17/225-40-R18,"6-7/7-7,5/7/8"
jac,j6,2012-2016,185-65-R15-205-60-R15/205-55-R16-215-55-R16/215-40-R17/225-40-R18,"6-7/7-7,5/7,5/8"
jac,potenza,2012-2016,215-70-R16/225-55-R17-225-60-R17-235-60-R17/235-55-R18,"7,5/8-8-8,5/8,5"
jac,rein,2012-2016,235-75-R15/215-70-R16-275-60-R16/225-60-R17-235-60-R17-235-65-R17-275-55-R17/235-55-R18,"8,5/7,5-10/8-8,5-8,5-10/8,5"
jac,smile,2012-2016,175-60-R14-185-60-R14/195-50-R15,"5,5-6/6,5"
jac,star cross,2012-2016,185-65-R15-205-60-R15/205-55-R16-215-55-R16/215-40-R17/225-40-R18,"6-7/7-7,5/7,5/8"
jac,star taxi,2012-2016,175-70-R14-185-60-R14-185-65-R14/205-50-R15/195-45-R16/205-40-R17-215-40-R17,"5,5-6-6/7/6,5/7-7,5"
jac,street taxi,2012-2016,205-60-R13/185-60-R14/195-50-R15,"7/6/6,5"
jac,veloce,2012-2016,175-70-R14-185-60-R14-185-65-R14/205-50-R15/195-45-R16/205-40-R17-215-40-R17,"5,5-6-6/7/6,5/7-7,5"
jac,j2,2011-2014,205-60-R13/185-60-R14/195-50-R15,"7/6/6,5"
jac,j3,2011-2016,175-70-R14-185-60-R14-185-65-R14/205-50-R15/195-45-R16/205-40-R17-215-40-R17,"5,5-6-6/7/6,5/7-7,5"
jeep,comander,2005-2008,255-70-R16-275-60-R16/235-65-R17-265-65-R17-275-55-R17/265-60-R18/275-45-R20,"9,5-10/8,5-10-10/10/10"
jeep,grand cherokee,1999-2006,255-70-R16-265-70-R16/265-65-R17/265-60-R18-285-60-R18/275-45-R20,"9,5-10/10/10-10,5/10"
jeep,wrangler,2007-2016,255-70-R16-265-70-R16/265-65-R17/265-60-R18-285-60-R18/275-45-R20,"9,5-10/10/10-10,5/10"
jeep,wrangler unlimited,2009-2016,275-65-R18-285-60-R18/275-55-R20,"10-10,5/10"
jeep,cherokee,1980-2007,255-70-R16-275-60-R16/235-65-R17-265-65-R17-275-55-R17/265-60-R18/275-45-R20,"9,5-10/8,5-10-10/10/10"
jeep,compass,2007-2016,215-70-R16/225-55-R17-225-60-R17-235-60-R17/235-55-R18,"7,5/8-8-8,5/8,5"
jeep,liberty,2001-2013,255-70-R16-275-60-R16/235-60-R17-235-65-R17-275-55-R17/235-55-R18/275-45-R20,"9,5-10/8,5-8,5-10/8,5/10"
jeep,wrangler,1987-2006,255-70-R16-265-70-R16/265-65-R17/265-60-R18-285-60-R18/275-45-R20,"9,5-10/10/10-10,5/10"
jeep,cherokee,2014-2016,255-70-R16-275-60-R16/235-65-R17-265-65-R17-275-55-R17/265-60-R18/275-45-R20,"9,5-10/8,5-10-10/10/10"
jeep,willys,1950-1975,215-70-R16/225-55-R17-225-60-R17,"7,5/8-8"
kia,carens,2007-2016,215-55-R16/225-50-R17-225-55-R17/225-40-R18-245-45-R18,"7,5/8-8/8-9"
kia,carens,1999-2006,215-55-R16/225-50-R17-225-55-R17/225-40-R18-245-45-R18,"7,5/8-8/8-9"
kia,carens rondo,2006-2016,205-55-R16-215-55-R16/225-40-R18-225-50-R17,"7-7,5/8-8"
kia,carnival,2006-2016,215-55-R16/225-50-R17-225-55-R17/225-40-R18-245-45-R18,"7,5/8-8/8-9"
kia,carnival,1999-2005,215-55-R16/225-50-R17-225-55-R17/225-40-R18-245-45-R18,"7,5/8-8/8-9"
kia,cerato,2008-2016,185-65-R15-195-60-R15-205-50-R15-205-60-R15/205-45-R16-205-55-R16-215-55-R16/205-45-R17-215-40-R17/225-40-R18,"6-6,5-7-7/7-7-7,5/7-7,5/8"
kia,cerato,2003-2007,185-65-R15-195-60-R15-205-50-R15-205-60-R15/205-45-R16-205-55-R16-215-55-R16/205-45-R17-215-40-R17/225-40-R18,"6-6,5-7-7/7-7-7,5/7-7,5/8"
kia,koup race,2013-2016,185-65-R15-205-60-R15/205-55-R16-215-55-R16/205-45-R17-225-50-R17-225-55-R17/225-40-R18-245-45-R18,"6-7/7-7,5/7-8-8/8-9"
kia,mohave,2008-2015,185-65-R15-205-60-R15/205-55-R16-215-55-R16/205-45-R17/225-40-R18,"6-7/7-7,5/7/8"
kia,optima,2006-2016,215-55-R16/225-50-R17-225-55-R17/225-45-R18-245-45-R18,"7,5/8-8/8-9"
kia,optima,2000-2005,215-55-R16/225-50-R17-225-55-R17/225-45-R18-245-45-R18,"7,5/8-8/8-9"
kia,picanto ion,2004-2016,175-60-R14,"5,5"
kia,rio,2000-2016,175-70-R14-185-60-R14-185-65-R14/185-55-R15-185-65-R15-195-55-R15-195-60-R15-205-50-R15-205-60-R15/195-45-R16-205-45-R16-205-55-R16-215-55-R16/205-40-R17-205-45-R17-215-40-R17/225-40-R18,"5,5-6-6/6-6-6,5-6,5-7-7/6,5-7-7-7,5/7-7-7,5/8"
kia,sedona,2007-2016,215-70-R16-255-70-R16-265-70-R16/225-55-R17-225-60-R17-265-65-R17/265-60-R18-285-60-R18/275-45-R20,"7,5-9,5-10/8-8-10/10-10,5/10"
kia,sedona,1998-2006,215-70-R16-255-70-R16-265-70-R16/225-55-R17-225-60-R17-265-65-R17/265-60-R18-285-60-R18/275-45-R20,"7,5-9,5-10/8-8-10/10-10,5/10"
kia,sephia,1995-1998,205-60-R13/185-60-R14-185-65-R14/185-55-R15-195-60-R15-195-50-R15-195-55-R15-205-50-R15/195-45-R16-205-45-R16/205-40-R17-205-45-R17-215-40-R17,"7/6-6/6-6,5-6,5-6,5-7/6,5-7/7-7-7,5"
kia,sorento,2010-2016,235-75-R15/215-70-R16-255-70-R16-275-60-R16/225-60-R17-235-60-R17-235-65-R17-265-65-R17-275-55-R17/235-55-R18-265-60-R18/275-45-R20,"8,5/7,5-9,5-10/8-8,5-8,5-10-10/8,5-10/10"
kia,sorento,2002-2009,235-75-R15/215-70-R16-255-70-R16-275-60-R16/225-60-R17-235-60-R17-235-65-R17-265-65-R17-275-55-R17/235-55-R18-265-60-R18/275-45-R20,"8,5/7,5-9,5-10/8-8,5-8,5-10-10/8,5-10/10"
kia,soul,2008-2016,185-65-R15-205-60-R15/205-55-R16-215-55-R16/205-45-R17/225-40-R18,"6-7/7-7,5/7/8"
kia,sportage,2004-2016,235-75-R15/215-70-R16-275-60-R16/225-60-R17-235-60-R17-235-65-R17-275-55-R17/235-55-R18,"8,5/7,5-10/8-8,5-8,5-10/8,5"
kia,sportage,1993-2003,235-75-R15/215-70-R16-275-60-R16/225-60-R17-235-60-R17-235-65-R17-275-55-R17/235-55-R18,"8,5/7,5-10/8-8,5-8,5-10/8,5"
kia,stylus,2010-2016,205-60-R13/185-60-R14/195-50-R15,"7/6/6,5"
land rover,freelander,1998-2006,215-70-R16/225-55-R17-225-60-R17-235-60-R17/235-55-R18,"7,5/8-8-8,5/8,5"
land rover,discovery,1999-2016,255-70-R16-275-60-R16/235-60-R17-235-65-R17-275-55-R17/235-55-R18/275-45-R20,"9,5-10/8,5-8,5-10/8,5/10"
land rover,range rover,1995-2016,215-70-R16-255-70-R16-275-60-R16/235-60-R17-235-65-R17-275-55-R17/235-55-R18/275-45-R20,"7,5-9,5-10/8,5-8,5-10/8,5/10"
land rover,range rover sport,2005-2016,255-70-R16-265-70-R16-275-60-R16/235-65-R17-265-65-R17/265-60-R18-275-65-R18-285-60-R18/275-45-R20-275-55-R20,"9,5-10-10/8,5-10/10-10-10,5/10-10"
land rover,freelander 2,2007-2012,255-70-R16-275-60-R16/235-65-R17-275-55-R17/275-45-R20,"9,5-10/8,5-10/10"
land rover,range rover evoque,2011-2016,255-70-R16-275-60-R16/235-65-R17-275-55-R17/275-45-R20,"9,5-10/8,5-10/10"
land rover,defender,1991-,265-70-R16/265-65-R17/275-65-R18-285-60-R18/275-55-R20,"10/10/10-10,5/10"
land rover,discovery,1991-1998,235-75-R15/255-70-R16-275-60-R16/235-60-R17-235-65-R17-275-55-R17/235-55-R18/275-45-R20,"8,5/9,5-10/8,5-8,5-10/8,5/10"
land rover,santana,1959-1989,265-70-R16/265-65-R17/275-65-R18-285-60-R18/275-55-R20,"10/10/10-10,5/10"
lexus,gx,2009-2016,255-70-R16-265-70-R16/265-65-R17/265-60-R18-285-60-R18/275-45-R20,"9,5-10/10/10-10,5/10"
lexus,lx,2008-2016,265-70-R16/265-65-R17/265-60-R18-275-65-R18-285-60-R18/275-55-R20,"10/10/10-10-10,5/10"
lifan,x60,2010-2015,185-65-R15-195-60-R15-205-50-R15-205-60-R15/205-45-R16-205-55-R16/205-40-R17-205-45-R17-215-40-R17,"6-6,5-7-7/7-7/7-7-7,5"
lifan,dura truck,2010-2015,175-70-R14-185-65-R14/185-55-R15-185-65-R15-195-60-R15-195-55-R15-205-50-R15/195-45-R16-205-45-R16/205-40-R17-205-45-R17-215-40-R17,"5,5-6/6-6-6,5-6,5-7/6,5-7/7-7-7,5"
lifan,livan pasajeros,2010-2015,175-70-R14-185-65-R14/185-55-R15-185-65-R15-195-60-R15-195-55-R15-205-50-R15/195-45-R16-205-45-R16/205-40-R17-205-45-R17-215-40-R17,"5,5-6/6-6-6,5-6,5-7/6,5-7/7-7-7,5"
lifan,taxi maxi lifan,2010-2015,185-65-R15-195-60-R15-205-50-R15-205-60-R15/205-45-R16-205-55-R16/205-40-R17-205-45-R17-215-40-R17,"6-6,5-7-7/7-7/7-7-7,5"
lifan,x50,2010-2015,195-60-R15-205-60-R15/205-55-R16-215-55-R16/205-45-R17/225-40-R18,"6,5-7/7-7,5/7/8"
lincoln,navigator,1997-2002,275-65-R18-285-60-R18/275-55-R20,"10-10,5/10"
lincoln,navigator,2003-2014,275-65-R18-285-60-R18/275-55-R20,"10-10,5/10"
mahindra,pik up,2012-2015,255-70-R16-265-70-R16/265-65-R17/265-60-R18-285-60-R18/275-45-R20,"9,5-10/10/10-10,5/10"
mahindra,scorpio,2011-2016,235-75-R15/275-60-R16/235-60-R17-235-65-R17-275-55-R17/235-55-R18/275-45-R20,"8,5/10/8,5-8,5-10/8,5/10"
mahindra,suv 500,2013-2016,255-70-R16-275-60-R16/235-65-R17-235-60-R17-275-55-R17/235-55-R18/275-45-R20,"9,5-10/8,5-8,5-10/8,5/10"
mahindra,xylo,2014-2016,215-70-R16/225-60-R17-235-60-R17/235-55-R18,"7,5/8-8,5/8,5"
mazda,b 2200,1985-1993,215-70-R16/225-55-R17-225-60-R17/245-45-R18,"7,5/8-8/9"
mazda,b 2600,1985-1993,235-75-R15/255-70-R16-275-60-R16/235-65-R17-275-55-R17/275-45-R20,"8,5/9,5-10/8,5-10/10"
mazda,bt 50,2006-2016,255-70-R16-265-70-R16/265-65-R17/265-60-R18-285-60-R18/275-45-R20,"9,5-10/10/10-10,5/10"
mazda,2,2003-2007,185-65-R15-195-60-R15-205-50-R15-205-60-R15/205-45-R16-205-55-R16-215-55-R16/205-45-R17-215-40-R17/225-40-R18,"6-6,5-7-7/7-7-7,5/7-7,5/8"
mazda,3,2003-2016,205-60-R15/205-55-R16-215-55-R16/205-45-R17-225-50-R17/225-40-R18-225-45-R18,"7/7-7,5/7-8/8-8"
mazda,5,2005-2016,185-65-R15-205-60-R15/205-55-R16-215-55-R16/205-45-R17/225-40-R18,"6-7/7-7,5/7/8"
mazda,6,2008-2016,185-65-R15-205-60-R15/205-55-R16-215-55-R16/205-45-R17/225-40-R18,"6-7/7-7,5/7/8"
mazda,626,1998-2002,185-65-R14/185-55-R15-185-65-R15-195-55-R15-195-60-R15-205-50-R15-205-60-R15/195-45-R16-205-55-R16-205-45-R16/205-40-R17-205-45-R17-215-40-R17,"6/6-6-6,5-6,5-7-7/6,5-7-7/7-7-7,5"
mazda,b 2200,1994-2006,235-75-R15/255-70-R16-275-60-R16/235-65-R17-275-55-R17/275-45-R20,"8,5/9,5-10/8,5-10/10"
mazda,b 2600,1994-2006,255-70-R16-265-70-R16/265-65-R17/265-60-R18-285-60-R18/275-45-R20,"9,5-10/10/10-10,5/10"
mazda,cx 5,2011-2016,235-75-R15/215-70-R16-275-60-R16/225-60-R17-235-60-R17-235-65-R17-275-55-R17/235-55-R18,"8,5/7,5-10/8-8,5-8,5-10/8,5"
mazda,cx 7,2006-2013,215-70-R16-255-70-R16-275-60-R16/235-60-R17-235-65-R17-275-55-R17/235-55-R18/275-45-R20,"7,5-9,5-10/8,5-8,5-10/8,5/10"
mazda,cx 9,2007-2016,255-70-R16-265-70-R16-275-60-R16/235-65-R17-265-65-R17-275-55-R17/265-60-R18/275-45-R20,"9,5-10-10/8,5-10-10/10/10"
mazda,mx 5,1998-2016,185-65-R15-205-60-R15/205-55-R16/205-45-R17-215-40-R17/225-40-R18,"6-7/7/7-7,5/8"
mazda,323,2003-2005,205-60-R13/185-60-R14/195-50-R15-205-50-R15/195-45-R16,"7/6/6,5-7/6,5"
mazda,626,1987-1997,185-65-R14/185-55-R15-185-65-R15-195-55-R15-195-60-R15-205-50-R15-205-60-R15/195-45-R16-205-55-R16-205-45-R16/205-40-R17-205-45-R17-215-40-R17,"6/6-6-6,5-6,5-7-7/6,5-7-7/7-7-7,5"
mazda,2,2008-2016,185-65-R15-195-60-R15-205-50-R15-205-60-R15/205-45-R16-205-55-R16-215-55-R16/205-45-R17-215-40-R17/225-40-R18,"6-6,5-7-7/7-7-7,5/7-7,5/8"
mazda,323,1990-2002,205-60-R13/185-60-R14/195-50-R15-205-50-R15/195-45-R16,"7/6/6,5-7/6,5"
mazda,allegro,1990-2004,185-65-R14/185-55-R15-185-65-R15-195-55-R15-195-60-R15-205-50-R15-205-60-R15/195-45-R16-205-55-R16-205-45-R16/205-40-R17-205-45-R17-215-40-R17,"6/6-6-6,5-6,5-7-7/6,5-7-7/7-7-7,5"
mazda,demio,1997-2008,165-70-R13/185-60-R14/195-50-R15,"5/6/6,5"
mercedes benz,3,1990-2016,195-50-R15-205-50-R15/195-45-R16,"6,5-7/6,5"
mercedes benz,a170,1990-2016,185-65-R15-195-60-R15-205-50-R15-205-60-R15/205-45-R16-205-55-R16-215-55-R16/205-45-R17-215-40-R17/225-40-R18,"6-6,5-7-7/7-7-7,5/7-7,5/8"
mercedes benz,a180,1990-2016,185-65-R15-195-60-R15-205-50-R15-205-60-R15/205-45-R16-205-55-R16-215-55-R16/205-45-R17-215-40-R17/225-40-R18,"6-6,5-7-7/7-7-7,5/7-7,5/8"
mercedes benz,a200,1990-2016,185-65-R15-205-60-R15/205-55-R16-215-55-R16/205-45-R17/225-40-R18,"6-7/7-7,5/7/8"
mercedes benz,a250,1990-2016,185-65-R15-205-60-R15/205-55-R16-215-55-R16/225-50-R17/225-40-R18,"6-7/7-7,5/8/8"
mercedes benz,a45 amg,1990-2016,185-65-R15-205-60-R15/205-55-R16-215-55-R16/225-50-R17/225-40-R18,"6-7/7-7,5/8/8"
mercedes benz,b160,1990-2016,195-60-R15-205-60-R15/205-55-R16-215-55-R16/205-45-R17/225-40-R18,"6,5-7/7-7,5/7/8"
mercedes benz,b180,1990-2016,195-60-R15-205-60-R15/205-55-R16-215-55-R16/205-45-R17/225-40-R18,"6,5-7/7-7,5/7/8"
mercedes benz,b200,1990-2016,195-60-R15-205-60-R15/205-55-R16-215-55-R16/205-45-R17/225-40-R18,"6,5-7/7-7,5/7/8"
mercedes benz,c63 amg,1990-2016,185-65-R15-205-60-R15/205-55-R16-215-55-R16/225-50-R17/225-40-R18,"6-7/7-7,5/8/8"
mercedes benz,cla,1990-2016,185-65-R15-205-60-R15/205-55-R16-215-55-R16/225-50-R17/225-40-R18,"6-7/7-7,5/8/8"
mercedes benz,cls,1990-2016,205-55-R16-215-55-R16/225-50-R17-225-55-R17/225-40-R18-245-45-R18,"7-7,5/8-8/8-9"
mercedes benz,cls 63 amg,1990-2016,215-55-R16/225-50-R17-225-55-R17/225-40-R18-245-45-R18,"7,5/8-8/8-9"
mercedes benz,e todos,1990-2016,185-65-R15-205-60-R15/205-55-R16-215-55-R16/205-45-R17-225-50-R17/225-40-R18,"6-7/7-7,5/7-8/8"
mercedes benz,e200,1990-2016,185-65-R15-205-60-R15/205-55-R16-215-55-R16/225-50-R17/225-40-R18-245-45-R18,"6-7/7-7,5/8/8-9"
mercedes benz,e250,,185-65-R15-205-60-R15/205-55-R16-215-55-R16/225-50-R17/225-40-R18-245-45-R18,"6-7/7-7,5/8/8-9"
mercedes benz,gl,1990-2016,255-70-R16-265-70-R16/265-65-R17/265-60-R18-285-60-R18/275-55-R20,"9,5-10/10/10-10,5/10"
mercedes benz,gla 200,1990-2016,215-70-R16/225-55-R17-225-60-R17-235-60-R17/235-55-R18,"7,5/8-8-8,5/8,5"
mercedes benz,gla 45,1990-2016,215-70-R16/225-55-R17-225-60-R17-235-60-R17/235-55-R18,"7,5/8-8-8,5/8,5"
mercedes benz,glk,1990-2016,235-75-R15/215-70-R16-275-60-R16/225-60-R17-235-60-R17-235-65-R17-275-55-R17/235-55-R18,"8,5/7,5-10/8-8,5-8,5-10/8,5"
mercedes benz,ml350,1990-2016,255-70-R16-275-60-R16/235-60-R17-235-65-R17-275-55-R17/235-55-R18/275-45-R20,"9,5-10/8,5-8,5-10/8,5/10"
mercedes benz,s < 1992,1990-2016,225-50-R17-225-55-R17/245-45-R18,8-8/9
mercedes benz,s 500,1990-2016,215-70-R16/225-55-R17-225-60-R17,"7,5/8-8"
mercedes benz,slk 200,1990-2016,185-65-R15-205-60-R15/205-55-R16-215-55-R16/225-50-R17/225-40-R18,"6-7/7-7,5/8/8"
mg,mg 550,2012-2016,185-65-R15-205-60-R15/205-55-R16-215-55-R16/205-45-R17-215-40-R17/225-40-R18,"6-7/7-7,5/7-7,5/8"
mg,mg 6,2012-2016,185-65-R15-205-60-R15/205-55-R16-215-55-R16/205-45-R17-215-40-R17/225-40-R18,"6-7/7-7,5/7-7,5/8"
mg,mg 750,2012-2016,225-50-R17-225-55-R17/245-45-R18,8-8/9
mg,mg 3,2012-2016,175-70-R14-185-65-R14-185-60-R14/205-50-R15/195-45-R16/205-40-R17-215-40-R17,"5,5-6-6/7/6,5/7-7,5"
mg,mg 350,2012-2016,255-70-R16-275-60-R16/235-65-R17-265-65-R17-275-55-R17/265-60-R18/275-45-R20,"9,5-10/8,5-10-10/10/10"
mini,mini,2001-2016,185-65-R15-195-55-R15-195-60-R15-205-50-R15-205-60-R15/205-45-R16/205-40-R17-205-45-R17-215-40-R17,"6-6,5-6,5-7-7/7/7-7-7,5"
mitsubishi,l200,1996-2012,235-75-R15/275-60-R16/235-60-R17-235-65-R17-275-55-R17/235-55-R18/275-45-R20,"8,5/10/8,5-8,5-10/8,5/10"
mitsubishi,montero (todos),1990-2016,235-75-R15/275-60-R16/235-60-R17-235-65-R17-275-55-R17/235-55-R18/275-45-R20,"8,5/10/8,5-8,5-10/8,5/10"
mitsubishi,nativa,1998-2016,255-70-R16-265-70-R16-275-60-R16/235-65-R17-265-65-R17/265-60-R18/275-45-R20,"9,5-10-10/8,5-10/10/10"
mitsubishi,sportero,206-2015,255-70-R16-275-60-R16/235-65-R17-265-65-R17-275-55-R17/265-60-R18/275-45-R20,"9,5-10/8,5-10-10/10/10"
mitsubishi,asx,2010-2012,215-70-R16/225-55-R17-225-60-R17-235-60-R17,"7,5/8-8-8,5"
mitsubishi,lancer,2008-2016,185-65-R14/185-55-R15-195-55-R15-195-60-R15-205-50-R15/195-45-R16-205-45-R16-205-55-R16-215-55-R16/205-40-R17-205-45-R17-215-40-R17-225-50-R17/225-40-R18,"6/6-6,5-6,5-7/6,5-7-7-7,5/7-7-7,5-8/8"
mitsubishi,outlander,2003-2014,255-70-R16-275-60-R16/235-60-R17-235-65-R17-275-55-R17/235-55-R18/275-45-R20,"9,5-10/8,5-8,5-10/8,5/10"
mitsubishi,lancer,2007,185-65-R14/185-55-R15-195-55-R15-195-60-R15-205-50-R15/195-45-R16-205-45-R16-205-55-R16-215-55-R16/205-40-R17-205-45-R17-215-40-R17-225-50-R17/225-40-R18,"6/6-6,5-6,5-7/6,5-7-7-7,5/7-7-7,5-8/8"
mitsubishi,mirage,1992,205-60-R13/185-60-R14/195-50-R15,"7/6/6,5"
mitsubishi,lancer,1991-2006,185-65-R14/185-55-R15-195-55-R15-195-60-R15-205-50-R15/195-45-R16-205-45-R16-205-55-R16-215-55-R16/205-40-R17-205-45-R17-215-40-R17-225-50-R17/225-40-R18,"6/6-6,5-6,5-7/6,5-7-7-7,5/7-7-7,5-8/8"
mitsubishi,mirage,1991,205-60-R13/185-60-R14/195-50-R15,"7/6/6,5"
mitsubishi,mirage,1993-2003,205-60-R13/185-60-R14/195-50-R15,"7/6/6,5"
nissan,pathfinder,1986-2004,235-75-R15/255-70-R16-265-70-R16-275-60-R16/235-60-R17-235-65-R17-265-65-R17-275-55-R17/235-55-R18-265-60-R18/275-45-R20,"8,5/9,5-10-10/8,5-8,5-10-10/8,5-10/10"
nissan,patrol,1997-2012,255-70-R16-265-70-R16/265-65-R17/265-60-R18-285-60-R18/275-45-R20,"9,5-10/10/10-10,5/10"
nissan,370z,2009-2012,225-50-R17-225-55-R17/245-45-R18,8-8/9
nissan,juke,2010-2016,255-70-R16-265-70-R16-275-60-R16/235-65-R17-265-65-R17/265-60-R18/275-45-R20,"9,5-10-10/8,5-10/10/10"
nissan,murano,2002-2016,255-70-R16-265-70-R16-275-60-R16/235-65-R17-265-65-R17/265-60-R18/275-45-R20,"9,5-10-10/8,5-10/10/10"
nissan,new pathfinder,2006-2016,255-70-R16-265-70-R16-275-60-R16/235-65-R17-265-65-R17/265-60-R18/275-45-R20,"9,5-10-10/8,5-10/10/10"
nissan,patrol king,2013-2016,275-65-R18/275-55-R20,10/10
nissan,qashqai,2007-2016,215-70-R16/225-55-R17-225-60-R17-235-60-R17/245-45-R18,"7,5/8-8-8,5/9"
nissan,sentra,2013-2016,185-65-R15-195-60-R15-205-60-R15/205-55-R16-215-55-R16/205-45-R17-215-40-R17-225-50-R17/225-40-R18-225-45-R18,"6-6,5-7/7-7,5/7-7,5-8/8-8"
nissan,x-trail,2001-2016,235-75-R15/215-70-R16-275-60-R16/225-60-R17-235-65-R17-235-60-R17-275-55-R17/235-55-R18,"8,5/7,5-10/8-8,5-8,5-10/8,5"
nissan,almera,2000-2006,175-70-R14-185-65-R14/185-65-R15-185-55-R15-195-60-R15-195-55-R15-205-50-R15-205-60-R15/195-45-R16-205-45-R16-205-55-R16-215-55-R16/205-45-R17-205-40-R17-215-40-R17-225-50-R17/225-40-R18-225-45-R18,"5,5-6/6-6-6,5-6,5-7-7/6,5-7-7-7-7,5/7-7-7,5-8/8-8"
nissan,sentra,2001-2012,205-60-R13/175-70-R14-185-60-R14-185-65-R14/185-65-R15-185-55-R15-195-60-R15-195-50-R15-195-55-R15-205-60-R15/195-45-R16-205-55-R16-205-45-R16-215-55-R16-215-55-R16/205-45-R17-205-40-R17-215-40-R17/225-40-R18,"7/5,5-6-6/6-6-6,5-6,5-6,5-7/6,5-7-7-7,5-7,5/7-7-7,5/8"
nissan,tiida,2007-2016,185-65-R15-195-60-R15-205-50-R15-205-60-R15/205-55-R16-205-45-R16-215-55-R16/205-45-R17-215-40-R17/225-40-R18,"6-6,5-7-7/7-7-7,5/7-7,5/8"
nissan,versa,2008-2011,185-65-R15-195-60-R15-205-50-R15-205-60-R15/205-55-R16-205-45-R16-215-55-R16/205-45-R17-215-40-R17/225-40-R18,"6-6,5-7-7/7-7-7,5/7-7,5/8"
nissan,almera,1994-1999,175-70-R14-185-65-R14/185-65-R15-185-55-R15-195-60-R15-195-55-R15-205-50-R15-205-60-R15/195-45-R16-205-45-R16-205-55-R16-215-55-R16/205-45-R17-205-40-R17-215-40-R17-225-50-R17/225-40-R18-225-45-R18,"5,5-6/6-6-6,5-6,5-7-7/6,5-7-7-7-7,5/7-7-7,5-8/8-8"
nissan,march,1989-2016,185-55-R15-205-50-R15/195-45-R16-205-45-R16/205-40-R17-215-40-R17,"6-7/6,5-7/7-7,5"
nissan,note,2005-2016,185-65-R15-195-60-R15-205-50-R15-205-60-R15/205-55-R16-205-45-R16-215-55-R16/205-45-R17-215-40-R17/225-40-R18,"6-6,5-7-7/7-7-7,5/7-7,5/8"
nissan,sentra,1994-2000,205-60-R13/185-60-R14/195-50-R15,"7/6/6,5"
nissan,tiida,2004-2006,185-65-R15-195-60-R15-205-50-R15-205-60-R15/205-55-R16-205-45-R16-215-55-R16/205-45-R17-215-40-R17/225-40-R18,"6-6,5-7-7/7-7-7,5/7-7,5/8"
nissan,urban nv 350,2010-2016,215-70-R16/225-55-R17-225-60-R17-235-60-R17/235-55-R18,"7,5/8-8-8,5/8,5"
nissan,frontier np 300,2014-2016,255-70-R16-265-70-R16/265-65-R17/265-60-R18-285-60-R18/275-45-R20,"9,5-10/10/10-10,5/10"
nissan,navarra,2005-2012,255-70-R16-265-70-R16-275-60-R16/235-65-R17-265-65-R17/265-60-R18/275-45-R20,"9,5-10-10/8,5-10/10/10"
nissan,pathfinder,2005-2011,235-75-R15/255-70-R16-265-70-R16-275-60-R16/235-60-R17-235-65-R17-265-65-R17-275-55-R17/235-55-R18-265-60-R18/275-45-R20,"8,5/9,5-10-10/8,5-8,5-10-10/8,5-10/10"
peugeot,205,1988-1996,255-70-R16-275-60-R16/235-65-R17-265-65-R17-275-55-R17/265-60-R18/275-45-R20,"9,5-10/8,5-10-10/10/10"
peugeot,206,1998-2012,185-65-R14/185-55-R15-195-55-R15-195-60-R15-205-50-R15/195-45-R16-205-45-R16/205-40-R17-205-45-R17-215-40-R17,"6/6-6,5-6,5-7/6,5-7/7-7-7,5"
peugeot,207,2009-2016,185-65-R15-195-60-R15-205-60-R15-205-50-R15/205-45-R16-205-55-R16-215-55-R16/205-45-R17-215-40-R17/225-40-R18,"6-6,5-7-7/7-7-7,5/7-7,5/8"
peugeot,208,2013-2016,185-65-R15-195-60-R15-205-60-R15-205-50-R15/205-45-R16-205-55-R16-215-55-R16/205-45-R17-205-40-R17-215-40-R17-225-50-R17/225-45-R18,"6-6,5-7-7/7-7-7,5/7-7-7,5/8"
peugeot,301,2012-2016,185-65-R15-195-60-R15-205-50-R15-205-60-R15/205-45-R16-205-55-R16-215-55-R16/205-45-R17-215-40-R17/225-40-R18,"6-6,5-7-7/7-7-7,5/7-7,5/8"
peugeot,306,1994-2003,185-65-R14/185-55-R15-195-55-R15-195-60-R15-205-50-R15/195-45-R16-205-45-R16/205-40-R17-205-45-R17-215-40-R17,"6/6-6,5-6,5-7/6,5-7/7-7-7,5"
peugeot,308,2013-2016,225-50-R17-225-55-R17/245-45-R18,8-8/9
peugeot,405,1990-1996,185-65-R14/185-55-R15-195-55-R15-195-60-R15-205-50-R15/195-45-R16-205-45-R16/205-40-R17-205-45-R17-215-40-R17,"6/6-6,5-6,5-7/6,5-7/7-7-7,5"
peugeot,2008,2013-2016,185-65-R15-205-60-R15/205-55-R16-215-55-R16/225-50-R17/225-40-R18-225-45-R18,"6-7/7-7,5/8/8-8"
peugeot,3008,2013-2016,215-55-R16/225-50-R17-225-55-R17/225-40-R18,"7,5/8-8/8"
peugeot,508,2010-2015,225-50-R17-225-55-R17/245-45-R18,8-8/9
porsche,macan,2014-2016,255-70-R16-275-60-R16/235-60-R17-235-65-R17-275-55-R17/235-55-R18/275-45-R20,"9,5-10/8,5-8,5-10/8,5/10"
porsche,911 sc,1971-2016,215-70-R16/225-55-R17-225-60-R17-235-60-R17/235-55-R18,"7,5/8-8-8,5/8,5"
porsche,boxster,1996-2016,215-70-R16/225-55-R17-225-60-R17-235-60-R17/235-55-R18,"7,5/8-8-8,5/8,5"
porsche,cayenne,2002-2014,255-70-R16-265-70-R16-275-60-R16/235-65-R17-265-65-R17/265-60-R18/275-45-R20,"9,5-10-10/8,5-10/10/10"
porsche,cayman,2005-2014,215-70-R16/225-55-R17-225-60-R17-235-60-R17/235-55-R18,"7,5/8-8-8,5/8,5"
renault,duster,2010-2016,215-70-R16/225-55-R17-225-60-R17,"7,5/8-8"
renault,fluence,2010-2016,205-55-R16-215-55-R16/225-50-R17/225-40-R18-245-45-R18,"7-7,5/8/8-9"
renault,koleos,2008-2016,215-70-R16/225-55-R17-225-60-R17-235-60-R17/235-55-R18,"7,5/8-8-8,5/8,5"
renault,megane,2009-2016,205-45-R16/205-40-R17-215-40-R17,"7/7-7,5"
renault,scenic,2009-2016,185-65-R15-195-55-R15-195-60-R15-205-50-R15/205-45-R16/205-40-R17-205-45-R17-215-40-R17,"6-6,5-6,5-7/7/7-7-7,5"
renault,trafic,2014-2016,255-70-R16-265-70-R16-275-60-R16/235-65-R17-265-65-R17-275-55-R17/265-60-R18/275-45-R20,"9,5-10-10/8,5-10-10/10/10"
renault,scala,2010-2016,175-70-R14-185-65-R14/185-55-R15-185-65-R15-195-55-R15-195-60-R15-205-50-R15/195-45-R16-205-45-R16/205-40-R17-205-45-R17-215-40-R17,"5,5-6/6-6-6,5-6,5-7/6,5-7/7-7-7,5"
renault,clio,1990-2016,175-70-R14-185-60-R14-185-65-R14/205-50-R15/195-45-R16/205-40-R17-215-40-R17,"5,5-6-6/7/6,5/7-7,5"
renault,express taxi,2012-2016,175-70-R14-185-60-R14-185-65-R14/205-50-R15/195-45-R16/205-40-R17-215-40-R17,"5,5-6-6/7/6,5/7-7,5"
renault,kangoo,1998-2012,175-65-R14-175-70-R14-185-65-R14/185-55-R15-205-50-R15/195-45-R16/205-40-R17-215-40-R17,"5,5-5,5-6/6-7/6,5/7-7,5"
renault,logan,2004-2016,185-65-R15-195-60-R15-205-50-R15-205-60-R15/205-45-R16-205-55-R16-215-55-R16/205-45-R17-215-40-R17/225-40-R18,"6-6,5-7-7/7-7-7,5/7-7,5/8"
renault,megane,1996-2008,205-45-R16/205-40-R17-215-40-R17,"7/7-7,5"
renault,sandero,2007-2016,185-65-R15-195-60-R15-205-50-R15-205-60-R15/205-45-R16-205-55-R16-215-55-R16/205-45-R17-215-40-R17/225-40-R18,"6-6,5-7-7/7-7-7,5/7-7,5/8"
renault,scenic,1998-2008,185-65-R15-195-55-R15-195-60-R15-205-50-R15/205-45-R16/205-40-R17-205-45-R17-215-40-R17,"6-6,5-6,5-7/7/7-7-7,5"
renault,simbol,1999-2016,175-70-R14-185-60-R14-185-65-R14/205-50-R15/195-45-R16/205-40-R17-215-40-R17,"5,5-6-6/7/6,5/7-7,5"
renault,stepway,2008-2016,185-65-R15-195-60-R15-205-50-R15-205-60-R15/205-45-R16-205-55-R16-215-55-R16/205-45-R17-215-40-R17/225-40-R18,"6-6,5-7-7/7-7-7,5/7-7,5/8"
renault,twingo,1993-2016,165-70-R13/185-60-R14/195-50-R15,"5/6/6,5"
renault,kangoo,2013-2016,175-65-R14-175-70-R14-185-65-R14/185-55-R15-205-50-R15/195-45-R16/205-40-R17-215-40-R17,"5,5-5,5-6/6-7/6,5/7-7,5"
saangyong,korando,2001-2016,215-70-R16/225-55-R17-225-60-R17,"7,5/8-8"
saangyong,musso,2001-2010,235-75-R15/275-60-R16/235-65-R17-235-60-R17-275-55-R17/235-55-R18/275-45-R20,"8,5/10/8,5-8,5-10/8,5/10"
saangyong,rexton w,2006-2016,255-70-R16-265-70-R16-275-60-R16/235-65-R17-265-65-R17/265-60-R18/275-45-R20,"9,5-10-10/8,5-10/10/10"
saangyong,actyon,2006-2012,235-75-R15/255-70-R16-275-60-R16/235-65-R17-275-55-R17/275-45-R20,"8,5/9,5-10/8,5-10/10"
saangyong,actyon sports,2005-2011,235-75-R15/255-70-R16-275-60-R16/235-65-R17-275-55-R17/275-45-R20,"8,5/9,5-10/8,5-10/10"
saangyong,kyron,2005-2016,235-75-R15/255-70-R16-275-60-R16/235-65-R17-275-55-R17/275-45-R20,"8,5/9,5-10/8,5-10/10"
saangyong,rodius,2004-2012,215-70-R16/225-55-R17-225-60-R17-235-60-R17/235-55-R18,"7,5/8-8-8,5/8,5"
saangyong,stavic,2004-2015,215-70-R16/225-55-R17-225-60-R17,"7,5/8-8"
saangyong,tivoli,2014-2016,205-55-R16-215-55-R16/225-50-R17/225-40-R18-245-45-R18,"7-7,5/8/8-9"
seat,altea,2004-2016,185-65-R15-205-60-R15/205-55-R16-215-55-R16/205-45-R17/225-40-R18,"6-7/7-7,5/7/8"
seat,leon style,2005-2016,185-65-R15-205-60-R15/205-55-R16-215-55-R16/225-40-R18,"6-7/7-7,5/8"
seat,toledo,2005-2016,195-55-R15-195-60-R15-205-50-R15/195-45-R16-205-45-R16/205-40-R17-205-45-R17-215-40-R17,"6,5-6,5-7/6,5-7/7-7-7,5"
seat,ibiza,2003-2016,185-65-R15-195-60-R15-195-55-R15-205-50-R15/205-45-R16/205-40-R17-205-45-R17-215-40-R17,"6-6,5-6,5-7/7/7-7-7,5"
seat,leon style,1999-2004,185-65-R15-205-60-R15/205-55-R16-215-55-R16/205-45-R17/225-40-R18,"6-7/7-7,5/7/8"
seat,toledo,1993-2004,195-55-R15-195-60-R15-205-50-R15/195-45-R16-205-45-R16/205-40-R17-205-45-R17-215-40-R17,"6,5-6,5-7/6,5-7/7-7-7,5"
seat,ibiza,1993-2002,185-65-R15-195-60-R15-195-55-R15-205-50-R15/205-45-R16/205-40-R17-205-45-R17-215-40-R17,"6-6,5-6,5-7/7/7-7-7,5"
seat,toledo,1991-1992,195-55-R15-195-60-R15-205-50-R15/195-45-R16-205-45-R16/205-40-R17-205-45-R17-215-40-R17,"6,5-6,5-7/6,5-7/7-7-7,5"
seat,ibiza,1984-1992,185-65-R15-195-60-R15-195-55-R15-205-50-R15/205-45-R16/205-40-R17-205-45-R17-215-40-R17,"6-6,5-6,5-7/7/7-7-7,5"
skoda,octavia,2004-2016,185-65-R15-195-60-R15-195-55-R15-205-50-R15/205-45-R16/205-40-R17-205-45-R17-215-40-R17,"6-6,5-6,5-7/7/7-7-7,5"
skoda,yeti,2009-2016,215-55-R16/225-50-R17-225-55-R17/225-40-R18-245-45-R18,"7,5/8-8/8-9"
skoda,favia,1999-2016,185-60-R14-185-65-R14/195-55-R15-195-60-R15-205-50-R15/195-45-R16-205-45-R16/205-40-R17-205-45-R17-215-40-R17,"6-6/6,5-6,5-7/6,5-7/7-7-7,5"
skoda,octavia,1996-2003,215-55-R16/225-50-R17-225-55-R17/225-40-R18-245-45-R18,"7,5/8-8/8-9"
skoda,rapid,2012-2016,185-65-R15-195-55-R15-195-60-R15-205-50-R15/205-45-R16/205-40-R17-205-45-R17-215-40-R17,"6-6,5-6,5-7/7/7-7-7,5"
skoda,roomster,2006-2015,175-70-R14-185-65-R14/185-55-R15-185-65-R15-195-55-R15-195-60-R15-205-50-R15/195-45-R16-205-45-R16/205-40-R17-205-45-R17-215-40-R17,"5,5-6/6-6-6,5-6,5-7/6,5-7/7-7-7,5"
skoda,felicia,1994-2001,165-70-R13/185-60-R14/195-50-R15,"5/6/6,5"
subaru,impreza,2006-2007,185-65-R15-205-60-R15/205-55-R16-215-55-R16/205-45-R17-225-50-R17/225-40-R18,"6-7/7-7,5/7-8/8"
subaru,outback,2015-2016,235-75-R15/215-70-R16-275-60-R16/225-60-R17-235-60-R17-235-65-R17-275-55-R17/235-55-R18,"8,5/7,5-10/8-8,5-8,5-10/8,5"
subaru,tribeca,2005-2014,255-70-R16-275-60-R16/235-60-R17-235-65-R17-275-55-R17/235-55-R18/275-45-R20,"9,5-10/8,5-8,5-10/8,5/10"
subaru,wrx,2008-2014,185-65-R15-205-60-R15/205-55-R16-215-55-R16/225-50-R17/225-40-R18,"6-7/7-7,5/8/8"
subaru,forester,1997-2016,215-70-R16/225-55-R17-225-60-R17,"7,5/8-8"
subaru,impreza,1992-2005,185-65-R15-205-60-R15/205-55-R16-215-55-R16/205-45-R17-225-50-R17/225-40-R18,"6-7/7-7,5/7-8/8"
subaru,impreza,2008-2016,185-65-R15-205-60-R15/205-55-R16-215-55-R16/205-45-R17-225-50-R17/225-40-R18,"6-7/7-7,5/7-8/8"
subaru,legacy,1989-2016,205-55-R16-215-55-R16/225-50-R17/225-40-R18-245-45-R18,"7-7,5/8/8-9"
subaru,outback,1997-2014,235-75-R15/215-70-R16-275-60-R16/225-60-R17-235-60-R17-235-65-R17-275-55-R17/235-55-R18,"8,5/7,5-10/8-8,5-8,5-10/8,5"
subaru,wrx,2002-2007,185-65-R15-205-60-R15/205-55-R16-215-55-R16/225-50-R17/225-40-R18,"6-7/7-7,5/8/8"
subaru,xv,2010-2014,235-75-R15/215-70-R16-275-60-R16/225-60-R17-235-60-R17-235-65-R17-275-55-R17/235-55-R18,"8,5/7,5-10/8-8,5-8,5-10/8,5"
suzuki,ertiga,2010-2016,185-65-R15-195-60-R15-205-50-R15-205-60-R15/205-45-R16-205-55-R16-215-55-R16/205-45-R17-215-40-R17/225-40-R18,"6-6,5-7-7/7-7-7,5/7-7,5/8"
suzuki,kizashi,2009-2016,225-50-R17-225-55-R17/245-45-R18,8-8/9
suzuki,gran vitara,1992-2016,235-75-R15/215-70-R16-275-60-R16/225-60-R17-235-60-R17-235-65-R17-275-55-R17/235-55-R18,"8,5/7,5-10/8-8,5-8,5-10/8,5"
suzuki,s-cross,2012-2016,205-55-R16-215-55-R16/225-50-R17/225-40-R18,"7-7,5/8/8"
suzuki,sx4,2006-2016,205-55-R16-215-55-R16/225-50-R17/225-40-R18,"7-7,5/8/8"
suzuki,swift,1994-2003,225-50-R17-225-55-R17/245-45-R18,8-8/9
suzuki,alto,2002-2016,155-65-R13-165-65-R13-175-60-R13,"5-5-5,5"
suzuki,celerio,2015-2016,175-65-R14-175-70-R14-185-65-R14/185-55-R15-205-50-R15/195-45-R16/205-40-R17-215-40-R17,"5,5-5,5-6/6-7/6,5/7-7,5"
suzuki,ciaz,2012-2016,185-65-R15-195-60-R15-205-50-R15-205-60-R15/205-45-R16-205-55-R16-215-55-R16/205-45-R17-215-40-R17/225-40-R18,"6-6,5-7-7/7-7-7,5/7-7,5/8"
suzuki,dzire,2012-2016,185-65-R15-195-60-R15-205-50-R15-205-60-R15/205-45-R16-205-55-R16-215-55-R16/205-45-R17-215-40-R17/225-40-R18,"6-6,5-7-7/7-7-7,5/7-7,5/8"
suzuki,swift live,2004-2016,185-65-R15-195-60-R15-205-50-R15-205-60-R15/205-45-R16-205-55-R16-215-55-R16/205-45-R17-215-40-R17/225-40-R18,"6-6,5-7-7/7-7-7,5/7-7,5/8"
suzuki,jimny,1987-2011,225-50-R17-225-55-R17/245-45-R18,8-8/9
suzuki,new jimny,2012-2016,225-50-R17-225-55-R17/245-45-R18,8-8/9
suzuki,lj,1977-1984,205-60-R15/215-55-R16/225-50-R17-225-55-R17/245-45-R18,"7/7,5/8-8/9"
suzuki,sj,1980-1986,205-60-R15/215-55-R16/225-50-R17-225-55-R17/245-45-R18,"7/7,5/8-8/9"
toyota,4runner,1997-2016,255-70-R16-265-70-R16/265-65-R17/265-60-R18-285-60-R18/275-45-R20,"9,5-10/10/10-10,5/10"
toyota,fj,1970-1982,235-75-R15/215-70-R16-275-60-R16/225-60-R17-235-60-R17-235-65-R17-275-55-R17/235-55-R18,"8,5/7,5-10/8-8,5-8,5-10/8,5"
toyota,fj cruiser,2007-2016,255-70-R16-265-70-R16/265-65-R17/265-60-R18-285-60-R18/275-45-R20,"9,5-10/10/10-10,5/10"
toyota,fortuner,2004-2016,255-70-R16-265-70-R16/265-65-R17/265-60-R18-285-60-R18/275-45-R20,"9,5-10/10/10-10,5/10"
toyota,hilux,1989-2016,255-70-R16-265-70-R16/265-65-R17/265-60-R18-285-60-R18/275-45-R20,"9,5-10/10/10-10,5/10"
toyota,land cruiser,1989-1997,255-70-R16-265-70-R16/265-65-R17/265-60-R18-285-60-R18/275-45-R20,"9,5-10/10/10-10,5/10"
toyota,prado,2003-2016,255-70-R16-265-70-R16/265-65-R17/265-60-R18-285-60-R18/275-45-R20,"9,5-10/10/10-10,5/10"
toyota,prado sumo,2000-.2014,255-70-R16-265-70-R16/265-65-R17/265-60-R18-285-60-R18/275-45-R20,"9,5-10/10/10-10,5/10"
toyota,rav 4,2000-2016,235-75-R15/215-70-R16-275-60-R16/225-60-R17-235-60-R17-235-65-R17-275-55-R17/235-55-R18,"8,5/7,5-10/8-8,5-8,5-10/8,5"
toyota,corolla,2003-2016,185-65-R15-195-60-R15-205-50-R15-205-60-R15/205-45-R16-205-55-R16-215-55-R16/205-40-R17-205-45-R17-215-40-R17/225-40-R18,"6-6,5-7-7/7-7-7,5/7-7-7,5/8"
toyota,corolla,1990-2002,185-65-R15-195-60-R15-205-50-R15-205-60-R15/205-45-R16-205-55-R16-215-55-R16/205-40-R17-205-45-R17-215-40-R17/225-40-R18,"6-6,5-7-7/7-7-7,5/7-7-7,5/8"
toyota,land cruiser,1998-2016,235-75-R15/255-70-R16-265-70-R16-275-60-R16/235-65-R17-235-60-R17-265-65-R17-275-55-R17/235-55-R18-265-60-R18/275-45-R20,"8,5/9,5-10-10/8,5-8,5-10-10/8,5-10/10"
volkswagen,amarok,2010-2016,235-75-R15/255-70-R16-275-60-R16/235-65-R17-265-65-R17-275-55-R17/265-60-R18/275-45-R20,"8,5/9,5-10/8,5-10-10/10/10"
volkswagen,golf,2004-2016,185-65-R15-205-60-R15/205-55-R16-215-55-R16/225-40-R18,"6-7/7-7,5/8"
volkswagen,jetta,2006-2016,185-65-R15-205-60-R15/205-55-R16-215-55-R16/205-45-R17/225-40-R18,"6-7/7-7,5/7/8"
volkswagen,tiguan,2007-2016,215-70-R16/225-55-R17-225-60-R17-235-60-R17/235-55-R18,"7,5/8-8-8,5/8,5"
volkswagen,transporter (pasajeros),2005-2014,215-70-R16/225-55-R17-225-60-R17,"7,5/8-8"
volkswagen,beetle,2000-2016,225-50-R17-225-55-R17/245-45-R18,8-8/9
volkswagen,bora,1998-2016,215-70-R16/225-55-R17-225-60-R17-235-60-R17,"7,5/8-8-8,5"
volkswagen,crossfox,2010-2016,185-65-R15-195-60-R15-205-60-R15-205-60-R15/205-55-R16-215-55-R16/205-45-R17-215-40-R17/225-40-R18,"6-6,5-7-7/7-7,5/7-7,5/8"
volkswagen,golf,1993-2003,185-65-R15-205-60-R15/205-55-R16-215-55-R16/225-40-R18,"6-7/7-7,5/8"
volkswagen,jetta,2000-2005,185-65-R15-205-60-R15/205-55-R16-215-55-R16/205-45-R17/225-40-R18,"6-7/7-7,5/7/8"
volkswagen,polo,2001-2016,175-70-R14-185-65-R14/185-55-R15-185-65-R15-195-55-R15-195-60-R15-205-50-R15/195-45-R16-205-45-R16/205-40-R17-205-45-R17-215-40-R17,"5,5-676-6-6,5-6,5-7/6,5-7/7-7-7,5"
volkswagen,vento,2010-2016,175-70-R14-185-65-R14/185-55-R15-185-65-R15-195-55-R15-195-60-R15-205-50-R15/195-45-R16-205-45-R16/205-40-R17-205-45-R17-215-40-R17,"5,5-676-6-6,5-6,5-7/6,5-7/7-7-7,5"
volkswagen,gol,1990-2014,155-70-R13-165-70-R13/175-60-R14,"5-5/5,5"
volkswagen,golf,1974-1992,185-65-R15-205-60-R15/205-55-R16-215-55-R16/225-40-R18,"6-7/7-7,5/8"
volkswagen,jetta,1992-1999,185-65-R15-205-60-R15/205-55-R16-215-55-R16/205-45-R17/225-40-R18,"6-7/7-7,5/7/8"
volkswagen,polo,1990-2000,175-70-R14-185-65-R14/185-55-R15-185-65-R15-195-55-R15-195-60-R15-205-50-R15/195-45-R16-205-45-R16/205-40-R17-205-45-R17-215-40-R17,"5,5-676-6-6,5-6,5-7/6,5-7/7-7-7,5"
volkswagen,saveiro,2010-2014,175-70-R14-185-65-R14/185-55-R15-185-65-R15-195-55-R15-195-60-R15-205-50-R15/195-45-R16-205-45-R16/205-40-R17-205-45-R17-215-40-R17,"5,5-676-6-6,5-6,5-7/6,5-7/7-7-7,5"
volkswagen,vento,1984-1998,175-70-R14-185-65-R14/185-55-R15-185-65-R15-195-55-R15-195-60-R15-205-50-R15/195-45-R16-205-45-R16/205-40-R17-205-45-R17-215-40-R17,"5,5-676-6-6,5-6,5-7/6,5-7/7-7-7,5"
volkswagen,voyage,2010-2016,175-70-R14-185-65-R14/185-55-R15-185-65-R15-195-55-R15-195-60-R15-205-50-R15/195-45-R16-205-45-R16/205-40-R17-205-45-R17-215-40-R17,"5,5-676-6-6,5-6,5-7/6,5-7/7-7-7,5"
volkswagen,tovareg,2003-2014,255-70-R16-275-60-R16/235-60-R17-235-65-R17-275-55-R17/235-55-R18/275-45-R20,"9,5-10/8,5-8,5-10/8,5/10"
volkswagen,crafter (pasajeros),2006-2016,235-75-R15/215-70-R16-275-60-R16/225-60-R17-235-60-R17-275-55-R17/235-55-R18,"8,5/7,5-10/8-8,5-10/8,5"
volvo,s40,1995-2003,185-65-R15-205-60-R15/205-55-R16-215-55-R16/205-45-R17/225-40-R18,"6-7/7-7,5/7/8"
volvo,v40,1995-2004,185-65-R15-205-60-R15/205-55-R16-215-55-R16/205-45-R17/225-40-R18,"6-7/7-7,5/7/8"
volvo,c30,2007-2013,185-65-R15-205-60-R15/205-55-R16-215-55-R16/205-45-R17/225-40-R18,"6-7/7-7,5/7/8"
volvo,s40,2004-2012,185-65-R15-205-60-R15/205-55-R16-215-55-R16/205-45-R17/225-40-R18,"6-7/7-7,5/7/8"
volvo,s60,2000-2016,205-60-R15/205-55-R16-215-55-R16/225-50-R17/225-40-R18,"7/7-7,5/8/8"
volvo,s80,1998-2016,205-60-R15/205-55-R16-215-55-R16/225-50-R17/225-40-R18,"7/7-7,5/8/8"
volvo,xc60,2008-2016,255-70-R16-275-60-R16/235-60-R17-235-65-R17-275-55-R17/235-55-R18/275-45-R20,"9,5-10/8,5-8,5-10/8,5/10"
volvo,v40 cross country,2007-2014,215-55-R16/225-50-R17-225-55-R17/245-45-R18,"7,5/8-8/9"
volvo,xc90,2006-2016,235-75-R15/215-70-R16-275-60-R16/225-60-R17-235-60-R17-235-65-R17-275-55-R17/235-55-R18,"8,5/7,5-10/8-8,5-8,5-10/8,5"
volvo,xc90,2006-2016,235-75-R15/215-70-R16-275-60-R16/225-60-R17-235-60-R17-235-65-R17-275-55-R17/235-55-R18,"8,5/7,5-10/8-8,5-8,5-10/8,5"
ZOTYE,Zonora,2013-2016,225-50-R17-225-55-R17/225-45-R18-245-45-R18,8-8/8-9
ZOTYE,duna 1.3,2011-2014,225-50-R17-225-55-R17/225-45-R18-245-45-R18,8-8/8-9
ZOTYE,duna 1.8,2011-2013,225-50-R17-225-55-R17/225-45-R18-245-45-R18,8-8/8-9
ZOTYE,nomada 1.3,2008-2014,225-50-R17-225-55-R17/225-45-R18-245-45-R18,8-8/8-9
ZOTYE,nomada 1.6,2008-2013,225-50-R17-225-55-R17/225-45-R18-245-45-R18,8-8/8-9
